#
# There is insufficient memory for the Java Runtime Environment to continue.
# Native memory allocation (malloc) failed to allocate 2111312 bytes. Error detail: Chunk::new
# Possible reasons:
#   The system is out of physical RAM or swap space
#   This process is running with CompressedOops enabled, and the Java Heap may be blocking the growth of the native heap
# Possible solutions:
#   Reduce memory load on the system
#   Increase physical memory or swap space
#   Check if swap backing store is full
#   Decrease Java heap size (-Xmx/-Xms)
#   Decrease number of Java threads
#   Decrease Java thread stack sizes (-Xss)
#   Set larger code cache with -XX:ReservedCodeCacheSize=
#   JVM is running with Unscaled Compressed Oops mode in which the Java heap is
#     placed in the first 4GB address space. The Java Heap base address is the
#     maximum limit for the native heap growth. Please use -XX:HeapBaseMinAddress
#     to set the Java Heap base and to place the Java Heap above 4GB virtual address.
# This output file may be truncated or incomplete.
#
#  Out of Memory Error (arena.cpp:168), pid=2836, tid=12520
#
# JRE version: OpenJDK Runtime Environment Temurin-21.0.12+8 (21.0.12+8) (build 21.0.12+8-LTS)
# Java VM: OpenJDK 64-Bit Server VM Temurin-21.0.12+8 (21.0.12+8-LTS, mixed mode, sharing, tiered, compressed oops, compressed class ptrs, g1 gc, windows-amd64)
# No core dump will be written. Minidumps are not enabled by default on client versions of Windows
#

---------------  S U M M A R Y ------------

Command Line: --add-opens=java.base/java.util=ALL-UNNAMED --add-opens=java.base/java.lang=ALL-UNNAMED --add-opens=java.base/java.lang.invoke=ALL-UNNAMED --add-opens=java.prefs/java.util.prefs=ALL-UNNAMED --add-exports=jdk.compiler/com.sun.tools.javac.api=ALL-UNNAMED --add-exports=jdk.compiler/com.sun.tools.javac.util=ALL-UNNAMED --add-opens=java.base/java.nio.charset=ALL-UNNAMED --add-opens=java.base/java.net=ALL-UNNAMED --add-opens=java.base/java.util.concurrent.atomic=ALL-UNNAMED -Xmx2048m -Dfile.encoding=UTF-8 -Duser.country=CN -Duser.language=zh -Duser.variant -javaagent:C:\Users\xiehu\Documents\Codex\2026-08-04\che\work\toolchain\gradle-8.9\lib\agents\gradle-instrumentation-agent-8.9.jar org.gradle.launcher.daemon.bootstrap.GradleDaemon 8.9

Host: 11th Gen Intel(R) Core(TM) i5-11400 @ 2.60GHz, 12 cores, 31G,  Windows 11 , 64 bit Build 26100 (10.0.26100.8875)
Time: Thu Aug  6 10:08:02 2026 elapsed time: 144.205394 seconds (0d 0h 2m 24s)

---------------  T H R E A D  ---------------

Current thread (0x000001657f439250):  JavaThread "C2 CompilerThread0" daemon [_thread_in_native, id=12520, stack(0x00000007d7900000,0x00000007d7a00000) (1024K)]


Current CompileTask:
C2:144205 33887 %     4       com.android.tools.r8.internal.CQ::a @ 1587 (1862 bytes)

Stack: [0x00000007d7900000,0x00000007d7a00000]
Native frames: (J=compiled Java code, j=interpreted, Vv=VM code, C=native code)
V  [jvm.dll+0x6d83e9]
V  [jvm.dll+0x8b5736]
V  [jvm.dll+0x8b7cee]
V  [jvm.dll+0x8b83d3]
V  [jvm.dll+0x284596]
V  [jvm.dll+0xc685d]
V  [jvm.dll+0xc6da1]
V  [jvm.dll+0x3bf18b]
V  [jvm.dll+0x1e3f42]
V  [jvm.dll+0x24c853]
V  [jvm.dll+0x24bce0]
V  [jvm.dll+0x1cb4ae]
V  [jvm.dll+0x25baad]
V  [jvm.dll+0x25a03a]
V  [jvm.dll+0x3f8aae]
V  [jvm.dll+0x8600cd]
V  [jvm.dll+0x6d6c1d]
C  [ucrtbase.dll+0x2cd30]
C  [KERNEL32.DLL+0x2e957]
C  [ntdll.dll+0xaad6c]


---------------  P R O C E S S  ---------------

Threads class SMR info:
_java_thread_list=0x000001655bdd86f0, length=186, elements={
0x00000165751ae570, 0x000001657f3f5f40, 0x000001657f3f76c0, 0x000001657f3fce60,
0x000001657f3fe5e0, 0x000001657f3ff040, 0x000001657f413db0, 0x000001657f439250,
0x000001657f43a860, 0x000001657f62ff10, 0x000001657f6ce550, 0x00000165592fd590,
0x0000016558864f70, 0x000001655977f890, 0x000001655941e060, 0x00000165593cf030,
0x00000165593d5da0, 0x00000165593e1000, 0x00000165593abe20, 0x00000165593b1600,
0x00000165593b1c90, 0x00000165593b0f70, 0x00000165593afbc0, 0x00000165593aeea0,
0x00000165593b08e0, 0x00000165593af530, 0x00000165593b0250, 0x000001655b1f8670,
0x000001655b1fa0b0, 0x000001655b1f9a20, 0x000001655b1f6c30, 0x000001655b1f72c0,
0x000001655b1f7950, 0x000001655a99e2d0, 0x000001655a99ae50, 0x000001655a99b4e0,
0x000001655a99eff0, 0x000001655a99f680, 0x000001655a99fd10, 0x000001655a9a03a0,
0x000001655a9a10c0, 0x000001655a9a1750, 0x000001655a9a2470, 0x000001655a9a0a30,
0x000001655a9a1de0, 0x000001657f5594f0, 0x000001657f558140, 0x000001657f5587d0,
0x000001657f559b80, 0x000001657f55a210, 0x000001657f558e60, 0x000001657f556d90,
0x000001657f55bc50, 0x000001657f55a8a0, 0x000001657f55d000, 0x000001657f55d690,
0x000001657f55c2e0, 0x000001657f55e3b0, 0x000001657f55c970, 0x000001657f55af30,
0x000001657f55b5c0, 0x000001657f674520, 0x000001657f673800, 0x000001657f673e90,
0x000001657f672ae0, 0x000001657f672450, 0x000001657f6710a0, 0x000001657f674bb0,
0x000001657f671730, 0x000001657f673170, 0x000001657f671dc0, 0x000001657f676c80,
0x000001657f6779a0, 0x000001657f6786c0, 0x000001657f677310, 0x000001657f678030,
0x000001657f675f60, 0x000001657f6758d0, 0x000001657f6765f0, 0x000001655c599860,
0x000001655c597100, 0x000001655c599ef0, 0x000001655c597e20, 0x000001655c59a580,
0x000001655c59ac10, 0x000001655c5991d0, 0x000001655c597790, 0x000001655c59b2a0,
0x000001655c5984b0, 0x000001655c598b40, 0x000001655c59d370, 0x000001655c59b930,
0x000001655c59bfc0, 0x000001655c59e090, 0x000001655c59da00, 0x000001655c59c650,
0x000001655c59e720, 0x000001655c59cce0, 0x0000016558455650, 0x0000016558454fc0,
0x0000016558453c10, 0x00000165584542a0, 0x0000016558456a00, 0x0000016558457090,
0x0000016558455ce0, 0x0000016558456370, 0x0000016558457720, 0x0000016558454930,
0x000001655845aba0, 0x0000016558459e80, 0x00000165584597f0, 0x0000016558459160,
0x0000016558458440, 0x000001655845a510, 0x000001655845b230, 0x000001655b1f8d00,
0x000001655e5807e0, 0x000001655e580e70, 0x000001655e57eda0, 0x000001655e57f430,
0x000001655e57fac0, 0x000001655e580150, 0x000001655e57e080, 0x000001655e581500,
0x000001655e57e710, 0x000001655e78b780, 0x000001655e78be10, 0x000001655e789020,
0x000001655e78ffb0, 0x000001655e78f920, 0x000001655e78cb30, 0x000001655e790640,
0x000001655e78d850, 0x000001655e78d1c0, 0x000001655e78dee0, 0x000001655e78f290,
0x000001655a72ae80, 0x000001655a72b510, 0x000001655a727370, 0x000001655a728db0,
0x000001655cfb5240, 0x000001655cfb58d0, 0x000001655cfb7310, 0x000001655cfb6c80,
0x000001655cfb79a0, 0x000001655cfb4520, 0x000001655cfba100, 0x000001655cfba790,
0x000001655cfbb4b0, 0x000001655cfbbb40, 0x000001655cfb93e0, 0x000001655cfb86c0,
0x000001655cfbf650, 0x000001655cfbe2a0, 0x000001655cfbe930, 0x000001655cfbc1d0,
0x000001655cfbfce0, 0x000001655cfc0370, 0x000001655cfbcef0, 0x000001655cfbd580,
0x000001655cfc1db0, 0x000001655cfc1090, 0x000001655cfc3160, 0x000001655cfc2440,
0x000001655cfc1720, 0x000001655cfc2ad0, 0x000001655fb404f0, 0x000001655fb3f140,
0x000001655fb3eab0, 0x000001655fb3f7d0, 0x000001655fb3d070, 0x000001655fb40b80,
0x000001655fb3dd90, 0x000001655fb44000, 0x000001655fb44690, 0x000001655fb425c0,
0x000001655fb43970, 0x000001655fb41f30, 0x000001655a727a00, 0x000001655cfb8030,
0x000001655cfc0a00, 0x000001655e78b0f0, 0x0000016560787b70, 0x000001655bf8dcc0,
0x00000165602b8420, 0x000001656078a960
}

Java Threads: ( => current thread )
  0x00000165751ae570 JavaThread "main"                              [_thread_blocked, id=39600, stack(0x00000007d6b00000,0x00000007d6c00000) (1024K)]
  0x000001657f3f5f40 JavaThread "Reference Handler"          daemon [_thread_blocked, id=37700, stack(0x00000007d7300000,0x00000007d7400000) (1024K)]
  0x000001657f3f76c0 JavaThread "Finalizer"                  daemon [_thread_blocked, id=33564, stack(0x00000007d7400000,0x00000007d7500000) (1024K)]
  0x000001657f3fce60 JavaThread "Signal Dispatcher"          daemon [_thread_blocked, id=25500, stack(0x00000007d7500000,0x00000007d7600000) (1024K)]
  0x000001657f3fe5e0 JavaThread "Attach Listener"            daemon [_thread_blocked, id=8440, stack(0x00000007d7600000,0x00000007d7700000) (1024K)]
  0x000001657f3ff040 JavaThread "Service Thread"             daemon [_thread_blocked, id=25328, stack(0x00000007d7700000,0x00000007d7800000) (1024K)]
  0x000001657f413db0 JavaThread "Monitor Deflation Thread"   daemon [_thread_blocked, id=29048, stack(0x00000007d7800000,0x00000007d7900000) (1024K)]
=>0x000001657f439250 JavaThread "C2 CompilerThread0"         daemon [_thread_in_native, id=12520, stack(0x00000007d7900000,0x00000007d7a00000) (1024K)]
  0x000001657f43a860 JavaThread "C1 CompilerThread0"         daemon [_thread_blocked, id=40444, stack(0x00000007d7a00000,0x00000007d7b00000) (1024K)]
  0x000001657f62ff10 JavaThread "Common-Cleaner"             daemon [_thread_blocked, id=22724, stack(0x00000007d7b00000,0x00000007d7c00000) (1024K)]
  0x000001657f6ce550 JavaThread "Notification Thread"        daemon [_thread_blocked, id=32028, stack(0x00000007d7c00000,0x00000007d7d00000) (1024K)]
  0x00000165592fd590 JavaThread "Daemon health stats"               [_thread_blocked, id=11324, stack(0x00000007d8800000,0x00000007d8900000) (1024K)]
  0x0000016558864f70 JavaThread "Incoming local TCP Connector on port 58668"        [_thread_in_native, id=4652, stack(0x00000007d8900000,0x00000007d8a00000) (1024K)]
  0x000001655977f890 JavaThread "Daemon periodic checks"            [_thread_blocked, id=28228, stack(0x00000007d8a00000,0x00000007d8b00000) (1024K)]
  0x000001655941e060 JavaThread "Daemon"                            [_thread_blocked, id=23384, stack(0x00000007d8b00000,0x00000007d8c00000) (1024K)]
  0x00000165593cf030 JavaThread "Handler for socket connection from /127.0.0.1:58668 to /127.0.0.1:58669"        [_thread_in_native, id=37432, stack(0x00000007d8c00000,0x00000007d8d00000) (1024K)]
  0x00000165593d5da0 JavaThread "Cancel handler"                    [_thread_blocked, id=7128, stack(0x00000007d8d00000,0x00000007d8e00000) (1024K)]
  0x00000165593e1000 JavaThread "Daemon worker"                     [_thread_blocked, id=40144, stack(0x00000007d8e00000,0x00000007d8f00000) (1024K)]
  0x00000165593abe20 JavaThread "Asynchronous log dispatcher for DefaultDaemonConnection: socket connection from /127.0.0.1:58668 to /127.0.0.1:58669"        [_thread_blocked, id=5016, stack(0x00000007d8f00000,0x00000007d9000000) (1024K)]
  0x00000165593b1600 JavaThread "Stdin handler"                     [_thread_blocked, id=31180, stack(0x00000007d9000000,0x00000007d9100000) (1024K)]
  0x00000165593b1c90 JavaThread "Daemon client event forwarder"        [_thread_blocked, id=17012, stack(0x00000007d9100000,0x00000007d9200000) (1024K)]
  0x00000165593b0f70 JavaThread "Cache worker for journal cache (C:\Users\xiehu\.gradle\caches\journal-1)"        [_thread_blocked, id=21940, stack(0x00000007d9200000,0x00000007d9300000) (1024K)]
  0x00000165593afbc0 JavaThread "File lock request listener"        [_thread_in_native, id=22020, stack(0x00000007d9300000,0x00000007d9400000) (1024K)]
  0x00000165593aeea0 JavaThread "Cache worker for file hash cache (C:\Users\xiehu\.gradle\caches\8.9\fileHashes)"        [_thread_blocked, id=19992, stack(0x00000007d9400000,0x00000007d9500000) (1024K)]
  0x00000165593b08e0 JavaThread "Cache worker for file hash cache (D:\xhcoding\CarLink\android\.gradle\8.9\fileHashes)"        [_thread_blocked, id=7100, stack(0x00000007d9700000,0x00000007d9800000) (1024K)]
  0x00000165593af530 JavaThread "Cache worker for Build Output Cleanup Cache (D:\xhcoding\CarLink\android\.gradle\buildOutputCleanup)"        [_thread_blocked, id=25800, stack(0x00000007d9800000,0x00000007d9900000) (1024K)]
  0x00000165593b0250 JavaThread "File watcher server"        daemon [_thread_blocked, id=44896, stack(0x00000007d9900000,0x00000007d9a00000) (1024K)]
  0x000001655b1f8670 JavaThread "File watcher consumer"      daemon [_thread_blocked, id=45840, stack(0x00000007d9a00000,0x00000007d9b00000) (1024K)]
  0x000001655b1fa0b0 JavaThread "Cache worker for checksums cache (D:\xhcoding\CarLink\android\.gradle\8.9\checksums)"        [_thread_blocked, id=45392, stack(0x00000007d9b00000,0x00000007d9c00000) (1024K)]
  0x000001655b1f9a20 JavaThread "Cache worker for file content cache (C:\Users\xiehu\.gradle\caches\8.9\fileContent)"        [_thread_blocked, id=6640, stack(0x00000007d9c00000,0x00000007d9d00000) (1024K)]
  0x000001655b1f6c30 JavaThread "Cache worker for cache directory md-rule (C:\Users\xiehu\.gradle\caches\8.9\md-rule)"        [_thread_blocked, id=38300, stack(0x00000007d9d00000,0x00000007d9e00000) (1024K)]
  0x000001655b1f72c0 JavaThread "Cache worker for cache directory md-supplier (C:\Users\xiehu\.gradle\caches\8.9\md-supplier)"        [_thread_blocked, id=13088, stack(0x00000007d9e00000,0x00000007d9f00000) (1024K)]
  0x000001655b1f7950 JavaThread "jar transforms"                    [_thread_blocked, id=45172, stack(0x00000007d7e00000,0x00000007d7f00000) (1024K)]
  0x000001655a99e2d0 JavaThread "jar transforms Thread 2"           [_thread_blocked, id=24044, stack(0x00000007d9f00000,0x00000007da000000) (1024K)]
  0x000001655a99ae50 JavaThread "jar transforms Thread 3"           [_thread_blocked, id=27788, stack(0x00000007da100000,0x00000007da200000) (1024K)]
  0x000001655a99b4e0 JavaThread "Unconstrained build operations"        [_thread_blocked, id=45620, stack(0x00000007da000000,0x00000007da100000) (1024K)]
  0x000001655a99eff0 JavaThread "Unconstrained build operations Thread 2"        [_thread_blocked, id=30816, stack(0x00000007da300000,0x00000007da400000) (1024K)]
  0x000001655a99f680 JavaThread "Unconstrained build operations Thread 3"        [_thread_blocked, id=28956, stack(0x00000007da400000,0x00000007da500000) (1024K)]
  0x000001655a99fd10 JavaThread "Unconstrained build operations Thread 4"        [_thread_blocked, id=7196, stack(0x00000007da500000,0x00000007da600000) (1024K)]
  0x000001655a9a03a0 JavaThread "Unconstrained build operations Thread 5"        [_thread_blocked, id=37920, stack(0x00000007da600000,0x00000007da700000) (1024K)]
  0x000001655a9a10c0 JavaThread "Unconstrained build operations Thread 6"        [_thread_blocked, id=32808, stack(0x00000007da700000,0x00000007da800000) (1024K)]
  0x000001655a9a1750 JavaThread "Unconstrained build operations Thread 7"        [_thread_blocked, id=16284, stack(0x00000007da800000,0x00000007da900000) (1024K)]
  0x000001655a9a2470 JavaThread "Unconstrained build operations Thread 8"        [_thread_blocked, id=18540, stack(0x00000007da900000,0x00000007daa00000) (1024K)]
  0x000001655a9a0a30 JavaThread "Unconstrained build operations Thread 9"        [_thread_blocked, id=38728, stack(0x00000007daa00000,0x00000007dab00000) (1024K)]
  0x000001655a9a1de0 JavaThread "Unconstrained build operations Thread 10"        [_thread_blocked, id=22936, stack(0x00000007dab00000,0x00000007dac00000) (1024K)]
  0x000001657f5594f0 JavaThread "Unconstrained build operations Thread 11"        [_thread_blocked, id=13860, stack(0x00000007dac00000,0x00000007dad00000) (1024K)]
  0x000001657f558140 JavaThread "Unconstrained build operations Thread 12"        [_thread_blocked, id=34232, stack(0x00000007dad00000,0x00000007dae00000) (1024K)]
  0x000001657f5587d0 JavaThread "Unconstrained build operations Thread 13"        [_thread_blocked, id=19896, stack(0x00000007dae00000,0x00000007daf00000) (1024K)]
  0x000001657f559b80 JavaThread "Unconstrained build operations Thread 14"        [_thread_blocked, id=50700, stack(0x00000007daf00000,0x00000007db000000) (1024K)]
  0x000001657f55a210 JavaThread "Unconstrained build operations Thread 15"        [_thread_blocked, id=6904, stack(0x00000007db000000,0x00000007db100000) (1024K)]
  0x000001657f558e60 JavaThread "Unconstrained build operations Thread 16"        [_thread_blocked, id=33328, stack(0x00000007db100000,0x00000007db200000) (1024K)]
  0x000001657f556d90 JavaThread "Unconstrained build operations Thread 17"        [_thread_blocked, id=49684, stack(0x00000007db200000,0x00000007db300000) (1024K)]
  0x000001657f55bc50 JavaThread "Unconstrained build operations Thread 18"        [_thread_blocked, id=36892, stack(0x00000007db300000,0x00000007db400000) (1024K)]
  0x000001657f55a8a0 JavaThread "Unconstrained build operations Thread 19"        [_thread_blocked, id=25288, stack(0x00000007db400000,0x00000007db500000) (1024K)]
  0x000001657f55d000 JavaThread "Unconstrained build operations Thread 20"        [_thread_blocked, id=33764, stack(0x00000007db500000,0x00000007db600000) (1024K)]
  0x000001657f55d690 JavaThread "Unconstrained build operations Thread 21"        [_thread_blocked, id=25408, stack(0x00000007db600000,0x00000007db700000) (1024K)]
  0x000001657f55c2e0 JavaThread "Unconstrained build operations Thread 22"        [_thread_blocked, id=16988, stack(0x00000007d7d00000,0x00000007d7e00000) (1024K)]
  0x000001657f55e3b0 JavaThread "Unconstrained build operations Thread 23"        [_thread_blocked, id=30560, stack(0x00000007db700000,0x00000007db800000) (1024K)]
  0x000001657f55c970 JavaThread "Unconstrained build operations Thread 24"        [_thread_blocked, id=23104, stack(0x00000007db800000,0x00000007db900000) (1024K)]
  0x000001657f55af30 JavaThread "Unconstrained build operations Thread 25"        [_thread_blocked, id=26360, stack(0x00000007db900000,0x00000007dba00000) (1024K)]
  0x000001657f55b5c0 JavaThread "Unconstrained build operations Thread 26"        [_thread_blocked, id=29560, stack(0x00000007dbb00000,0x00000007dbc00000) (1024K)]
  0x000001657f674520 JavaThread "Unconstrained build operations Thread 27"        [_thread_blocked, id=22180, stack(0x00000007dbc00000,0x00000007dbd00000) (1024K)]
  0x000001657f673800 JavaThread "Unconstrained build operations Thread 28"        [_thread_blocked, id=34328, stack(0x00000007dba00000,0x00000007dbb00000) (1024K)]
  0x000001657f673e90 JavaThread "Unconstrained build operations Thread 29"        [_thread_blocked, id=12980, stack(0x00000007dbd00000,0x00000007dbe00000) (1024K)]
  0x000001657f672ae0 JavaThread "Unconstrained build operations Thread 30"        [_thread_blocked, id=8052, stack(0x00000007dbe00000,0x00000007dbf00000) (1024K)]
  0x000001657f672450 JavaThread "Unconstrained build operations Thread 31"        [_thread_blocked, id=22796, stack(0x00000007dbf00000,0x00000007dc000000) (1024K)]
  0x000001657f6710a0 JavaThread "Unconstrained build operations Thread 32"        [_thread_blocked, id=31840, stack(0x00000007dc000000,0x00000007dc100000) (1024K)]
  0x000001657f674bb0 JavaThread "Unconstrained build operations Thread 33"        [_thread_blocked, id=37116, stack(0x00000007dc100000,0x00000007dc200000) (1024K)]
  0x000001657f671730 JavaThread "Unconstrained build operations Thread 34"        [_thread_blocked, id=26568, stack(0x00000007dc200000,0x00000007dc300000) (1024K)]
  0x000001657f673170 JavaThread "Unconstrained build operations Thread 35"        [_thread_blocked, id=10788, stack(0x00000007dc300000,0x00000007dc400000) (1024K)]
  0x000001657f671dc0 JavaThread "Unconstrained build operations Thread 36"        [_thread_blocked, id=35212, stack(0x00000007dc400000,0x00000007dc500000) (1024K)]
  0x000001657f676c80 JavaThread "Unconstrained build operations Thread 37"        [_thread_blocked, id=30024, stack(0x00000007dc500000,0x00000007dc600000) (1024K)]
  0x000001657f6779a0 JavaThread "Unconstrained build operations Thread 38"        [_thread_blocked, id=27812, stack(0x00000007dc600000,0x00000007dc700000) (1024K)]
  0x000001657f6786c0 JavaThread "Unconstrained build operations Thread 39"        [_thread_blocked, id=31324, stack(0x00000007dc700000,0x00000007dc800000) (1024K)]
  0x000001657f677310 JavaThread "Unconstrained build operations Thread 40"        [_thread_blocked, id=9612, stack(0x00000007dc800000,0x00000007dc900000) (1024K)]
  0x000001657f678030 JavaThread "Unconstrained build operations Thread 41"        [_thread_blocked, id=35668, stack(0x00000007dc900000,0x00000007dca00000) (1024K)]
  0x000001657f675f60 JavaThread "Unconstrained build operations Thread 42"        [_thread_blocked, id=39668, stack(0x00000007dca00000,0x00000007dcb00000) (1024K)]
  0x000001657f6758d0 JavaThread "Unconstrained build operations Thread 43"        [_thread_blocked, id=47424, stack(0x00000007dcb00000,0x00000007dcc00000) (1024K)]
  0x000001657f6765f0 JavaThread "Unconstrained build operations Thread 44"        [_thread_blocked, id=32128, stack(0x00000007dcc00000,0x00000007dcd00000) (1024K)]
  0x000001655c599860 JavaThread "Unconstrained build operations Thread 45"        [_thread_blocked, id=44592, stack(0x00000007dcd00000,0x00000007dce00000) (1024K)]
  0x000001655c597100 JavaThread "Unconstrained build operations Thread 46"        [_thread_blocked, id=43328, stack(0x00000007dce00000,0x00000007dcf00000) (1024K)]
  0x000001655c599ef0 JavaThread "Unconstrained build operations Thread 47"        [_thread_blocked, id=31964, stack(0x00000007dcf00000,0x00000007dd000000) (1024K)]
  0x000001655c597e20 JavaThread "Unconstrained build operations Thread 48"        [_thread_blocked, id=24528, stack(0x00000007dd000000,0x00000007dd100000) (1024K)]
  0x000001655c59a580 JavaThread "Unconstrained build operations Thread 49"        [_thread_blocked, id=9300, stack(0x00000007dd100000,0x00000007dd200000) (1024K)]
  0x000001655c59ac10 JavaThread "Unconstrained build operations Thread 50"        [_thread_blocked, id=28732, stack(0x00000007dd200000,0x00000007dd300000) (1024K)]
  0x000001655c5991d0 JavaThread "Unconstrained build operations Thread 51"        [_thread_blocked, id=27868, stack(0x00000007dd400000,0x00000007dd500000) (1024K)]
  0x000001655c597790 JavaThread "Unconstrained build operations Thread 52"        [_thread_blocked, id=47124, stack(0x00000007dd500000,0x00000007dd600000) (1024K)]
  0x000001655c59b2a0 JavaThread "Unconstrained build operations Thread 53"        [_thread_blocked, id=41056, stack(0x00000007dd300000,0x00000007dd400000) (1024K)]
  0x000001655c5984b0 JavaThread "Unconstrained build operations Thread 54"        [_thread_blocked, id=43548, stack(0x00000007dd600000,0x00000007dd700000) (1024K)]
  0x000001655c598b40 JavaThread "Unconstrained build operations Thread 55"        [_thread_blocked, id=24760, stack(0x00000007dd700000,0x00000007dd800000) (1024K)]
  0x000001655c59d370 JavaThread "Unconstrained build operations Thread 56"        [_thread_blocked, id=42700, stack(0x00000007dd800000,0x00000007dd900000) (1024K)]
  0x000001655c59b930 JavaThread "Unconstrained build operations Thread 57"        [_thread_blocked, id=3540, stack(0x00000007dd900000,0x00000007dda00000) (1024K)]
  0x000001655c59bfc0 JavaThread "Unconstrained build operations Thread 58"        [_thread_blocked, id=13168, stack(0x00000007dda00000,0x00000007ddb00000) (1024K)]
  0x000001655c59e090 JavaThread "Unconstrained build operations Thread 59"        [_thread_blocked, id=23576, stack(0x00000007ddb00000,0x00000007ddc00000) (1024K)]
  0x000001655c59da00 JavaThread "Unconstrained build operations Thread 60"        [_thread_blocked, id=47076, stack(0x00000007ddc00000,0x00000007ddd00000) (1024K)]
  0x000001655c59c650 JavaThread "Unconstrained build operations Thread 61"        [_thread_blocked, id=25384, stack(0x00000007ddd00000,0x00000007dde00000) (1024K)]
  0x000001655c59e720 JavaThread "Unconstrained build operations Thread 62"        [_thread_blocked, id=35876, stack(0x00000007dde00000,0x00000007ddf00000) (1024K)]
  0x000001655c59cce0 JavaThread "Unconstrained build operations Thread 63"        [_thread_blocked, id=38560, stack(0x00000007ddf00000,0x00000007de000000) (1024K)]
  0x0000016558455650 JavaThread "Unconstrained build operations Thread 64"        [_thread_blocked, id=21760, stack(0x00000007de000000,0x00000007de100000) (1024K)]
  0x0000016558454fc0 JavaThread "Unconstrained build operations Thread 65"        [_thread_blocked, id=37012, stack(0x00000007de100000,0x00000007de200000) (1024K)]
  0x0000016558453c10 JavaThread "Unconstrained build operations Thread 66"        [_thread_blocked, id=21360, stack(0x00000007de200000,0x00000007de300000) (1024K)]
  0x00000165584542a0 JavaThread "Unconstrained build operations Thread 67"        [_thread_blocked, id=21868, stack(0x00000007de300000,0x00000007de400000) (1024K)]
  0x0000016558456a00 JavaThread "Unconstrained build operations Thread 68"        [_thread_blocked, id=36840, stack(0x00000007de400000,0x00000007de500000) (1024K)]
  0x0000016558457090 JavaThread "Unconstrained build operations Thread 69"        [_thread_blocked, id=16692, stack(0x00000007de500000,0x00000007de600000) (1024K)]
  0x0000016558455ce0 JavaThread "Unconstrained build operations Thread 70"        [_thread_blocked, id=45776, stack(0x00000007de600000,0x00000007de700000) (1024K)]
  0x0000016558456370 JavaThread "Unconstrained build operations Thread 71"        [_thread_blocked, id=29428, stack(0x00000007de700000,0x00000007de800000) (1024K)]
  0x0000016558457720 JavaThread "Unconstrained build operations Thread 72"        [_thread_blocked, id=32512, stack(0x00000007de800000,0x00000007de900000) (1024K)]
  0x0000016558454930 JavaThread "Unconstrained build operations Thread 73"        [_thread_blocked, id=32704, stack(0x00000007de900000,0x00000007dea00000) (1024K)]
  0x000001655845aba0 JavaThread "Unconstrained build operations Thread 74"        [_thread_blocked, id=29488, stack(0x00000007dea00000,0x00000007deb00000) (1024K)]
  0x0000016558459e80 JavaThread "Unconstrained build operations Thread 75"        [_thread_blocked, id=44200, stack(0x00000007deb00000,0x00000007dec00000) (1024K)]
  0x00000165584597f0 JavaThread "Unconstrained build operations Thread 76"        [_thread_blocked, id=12084, stack(0x00000007dec00000,0x00000007ded00000) (1024K)]
  0x0000016558459160 JavaThread "Unconstrained build operations Thread 77"        [_thread_blocked, id=16996, stack(0x00000007ded00000,0x00000007dee00000) (1024K)]
  0x0000016558458440 JavaThread "Unconstrained build operations Thread 78"        [_thread_blocked, id=13268, stack(0x00000007dee00000,0x00000007def00000) (1024K)]
  0x000001655845a510 JavaThread "Unconstrained build operations Thread 79"        [_thread_blocked, id=1476, stack(0x00000007def00000,0x00000007df000000) (1024K)]
  0x000001655845b230 JavaThread "Unconstrained build operations Thread 80"        [_thread_blocked, id=17316, stack(0x00000007d6800000,0x00000007d6900000) (1024K)]
  0x000001655b1f8d00 JavaThread "Unconstrained build operations Thread 81"        [_thread_blocked, id=29012, stack(0x00000007d6a00000,0x00000007d6b00000) (1024K)]
  0x000001655e5807e0 JavaThread "Unconstrained build operations Thread 82"        [_thread_blocked, id=36728, stack(0x00000007df200000,0x00000007df300000) (1024K)]
  0x000001655e580e70 JavaThread "Unconstrained build operations Thread 83"        [_thread_blocked, id=20308, stack(0x00000007df300000,0x00000007df400000) (1024K)]
  0x000001655e57eda0 JavaThread "Unconstrained build operations Thread 84"        [_thread_blocked, id=35144, stack(0x00000007df400000,0x00000007df500000) (1024K)]
  0x000001655e57f430 JavaThread "Unconstrained build operations Thread 85"        [_thread_blocked, id=27264, stack(0x00000007df500000,0x00000007df600000) (1024K)]
  0x000001655e57fac0 JavaThread "Unconstrained build operations Thread 86"        [_thread_blocked, id=3016, stack(0x00000007df600000,0x00000007df700000) (1024K)]
  0x000001655e580150 JavaThread "Unconstrained build operations Thread 87"        [_thread_blocked, id=32644, stack(0x00000007df700000,0x00000007df800000) (1024K)]
  0x000001655e57e080 JavaThread "Unconstrained build operations Thread 88"        [_thread_blocked, id=37088, stack(0x00000007df800000,0x00000007df900000) (1024K)]
  0x000001655e581500 JavaThread "Unconstrained build operations Thread 89"        [_thread_blocked, id=35924, stack(0x00000007dfa00000,0x00000007dfb00000) (1024K)]
  0x000001655e57e710 JavaThread "Unconstrained build operations Thread 90"        [_thread_blocked, id=41500, stack(0x00000007dfb00000,0x00000007dfc00000) (1024K)]
  0x000001655e78b780 JavaThread "Unconstrained build operations Thread 91"        [_thread_blocked, id=29160, stack(0x00000007d6900000,0x00000007d6a00000) (1024K)]
  0x000001655e78be10 JavaThread "Unconstrained build operations Thread 92"        [_thread_blocked, id=15256, stack(0x00000007df900000,0x00000007dfa00000) (1024K)]
  0x000001655e789020 JavaThread "Unconstrained build operations Thread 93"        [_thread_blocked, id=40760, stack(0x00000007dfc00000,0x00000007dfd00000) (1024K)]
  0x000001655e78ffb0 JavaThread "Unconstrained build operations Thread 94"        [_thread_blocked, id=3772, stack(0x00000007dfd00000,0x00000007dfe00000) (1024K)]
  0x000001655e78f920 JavaThread "Unconstrained build operations Thread 95"        [_thread_blocked, id=8436, stack(0x00000007dfe00000,0x00000007dff00000) (1024K)]
  0x000001655e78cb30 JavaThread "Unconstrained build operations Thread 96"        [_thread_blocked, id=48724, stack(0x00000007dff00000,0x00000007e0000000) (1024K)]
  0x000001655e790640 JavaThread "Unconstrained build operations Thread 97"        [_thread_blocked, id=20276, stack(0x00000007e0000000,0x00000007e0100000) (1024K)]
  0x000001655e78d850 JavaThread "Unconstrained build operations Thread 98"        [_thread_blocked, id=17272, stack(0x00000007e0100000,0x00000007e0200000) (1024K)]
  0x000001655e78d1c0 JavaThread "Unconstrained build operations Thread 99"        [_thread_blocked, id=24708, stack(0x00000007e0200000,0x00000007e0300000) (1024K)]
  0x000001655e78dee0 JavaThread "Unconstrained build operations Thread 100"        [_thread_blocked, id=30264, stack(0x00000007e0300000,0x00000007e0400000) (1024K)]
  0x000001655e78f290 JavaThread "Unconstrained build operations Thread 101"        [_thread_blocked, id=42416, stack(0x00000007e0400000,0x00000007e0500000) (1024K)]
  0x000001655a72ae80 JavaThread "jar transforms Thread 4"           [_thread_blocked, id=10460, stack(0x00000007e0700000,0x00000007e0800000) (1024K)]
  0x000001655a72b510 JavaThread "jar transforms Thread 5"           [_thread_blocked, id=17780, stack(0x00000007e0800000,0x00000007e0900000) (1024K)]
  0x000001655a727370 JavaThread "Memory manager"                    [_thread_blocked, id=31688, stack(0x00000007e0900000,0x00000007e0a00000) (1024K)]
  0x000001655a728db0 JavaThread "jar transforms Thread 6"           [_thread_blocked, id=45792, stack(0x00000007e0a00000,0x00000007e0b00000) (1024K)]
  0x000001655cfb5240 JavaThread "included builds"                   [_thread_blocked, id=19248, stack(0x00000007e0c00000,0x00000007e0d00000) (1024K)]
  0x000001655cfb58d0 JavaThread "Execution worker"                  [_thread_blocked, id=1104, stack(0x00000007e0d00000,0x00000007e0e00000) (1024K)]
  0x000001655cfb7310 JavaThread "Execution worker Thread 2"         [_thread_blocked, id=19280, stack(0x00000007e0e00000,0x00000007e0f00000) (1024K)]
  0x000001655cfb6c80 JavaThread "Execution worker Thread 3"         [_thread_blocked, id=16596, stack(0x00000007e0f00000,0x00000007e1000000) (1024K)]
  0x000001655cfb79a0 JavaThread "Execution worker Thread 4"         [_thread_blocked, id=48160, stack(0x00000007e1000000,0x00000007e1100000) (1024K)]
  0x000001655cfb4520 JavaThread "Execution worker Thread 5"         [_thread_blocked, id=19696, stack(0x00000007e1100000,0x00000007e1200000) (1024K)]
  0x000001655cfba100 JavaThread "Execution worker Thread 6"         [_thread_blocked, id=46220, stack(0x00000007e1200000,0x00000007e1300000) (1024K)]
  0x000001655cfba790 JavaThread "Execution worker Thread 7"         [_thread_blocked, id=25952, stack(0x00000007e1300000,0x00000007e1400000) (1024K)]
  0x000001655cfbb4b0 JavaThread "Execution worker Thread 8"         [_thread_blocked, id=18532, stack(0x00000007e1400000,0x00000007e1500000) (1024K)]
  0x000001655cfbbb40 JavaThread "Execution worker Thread 9"         [_thread_blocked, id=20476, stack(0x00000007e1500000,0x00000007e1600000) (1024K)]
  0x000001655cfb93e0 JavaThread "Execution worker Thread 10"        [_thread_blocked, id=43440, stack(0x00000007e1600000,0x00000007e1700000) (1024K)]
  0x000001655cfb86c0 JavaThread "Execution worker Thread 11"        [_thread_blocked, id=42764, stack(0x00000007e1700000,0x00000007e1800000) (1024K)]
  0x000001655cfbf650 JavaThread "Cache worker for execution history cache (D:\xhcoding\CarLink\android\.gradle\8.9\executionHistory)"        [_thread_blocked, id=30668, stack(0x00000007e1800000,0x00000007e1900000) (1024K)]
  0x000001655cfbe2a0 JavaThread "WorkerExecutor Queue"              [_thread_blocked, id=51152, stack(0x00000007e1900000,0x00000007e1a00000) (1024K)]
  0x000001655cfbe930 JavaThread "Unconstrained build operations Thread 102"        [_thread_blocked, id=6416, stack(0x00000007e1a00000,0x00000007e1b00000) (1024K)]
  0x000001655cfbc1d0 JavaThread "Unconstrained build operations Thread 103"        [_thread_blocked, id=44244, stack(0x00000007e1b00000,0x00000007e1c00000) (1024K)]
  0x000001655cfbfce0 JavaThread "Unconstrained build operations Thread 104"        [_thread_blocked, id=31064, stack(0x00000007e1c00000,0x00000007e1d00000) (1024K)]
  0x000001655cfc0370 JavaThread "Unconstrained build operations Thread 105"        [_thread_blocked, id=49688, stack(0x00000007e1d00000,0x00000007e1e00000) (1024K)]
  0x000001655cfbcef0 JavaThread "Unconstrained build operations Thread 106"        [_thread_blocked, id=17556, stack(0x00000007e1e00000,0x00000007e1f00000) (1024K)]
  0x000001655cfbd580 JavaThread "Unconstrained build operations Thread 107"        [_thread_blocked, id=42552, stack(0x00000007e1f00000,0x00000007e2000000) (1024K)]
  0x000001655cfc1db0 JavaThread "Unconstrained build operations Thread 108"        [_thread_blocked, id=38732, stack(0x00000007e2000000,0x00000007e2100000) (1024K)]
  0x000001655cfc1090 JavaThread "Unconstrained build operations Thread 109"        [_thread_blocked, id=50328, stack(0x00000007e2100000,0x00000007e2200000) (1024K)]
  0x000001655cfc3160 JavaThread "Unconstrained build operations Thread 110"        [_thread_blocked, id=5180, stack(0x00000007e2200000,0x00000007e2300000) (1024K)]
  0x000001655cfc2440 JavaThread "Unconstrained build operations Thread 111"        [_thread_blocked, id=45416, stack(0x00000007e2300000,0x00000007e2400000) (1024K)]
  0x000001655cfc1720 JavaThread "Unconstrained build operations Thread 112"        [_thread_blocked, id=45748, stack(0x00000007e2400000,0x00000007e2500000) (1024K)]
  0x000001655cfc2ad0 JavaThread "Unconstrained build operations Thread 113"        [_thread_blocked, id=28432, stack(0x00000007e2500000,0x00000007e2600000) (1024K)]
  0x000001655fb404f0 JavaThread "Unconstrained build operations Thread 114"        [_thread_blocked, id=12800, stack(0x00000007e0600000,0x00000007e0700000) (1024K)]
  0x000001655fb3f140 JavaThread "Unconstrained build operations Thread 115"        [_thread_blocked, id=43944, stack(0x00000007e0b00000,0x00000007e0c00000) (1024K)]
  0x000001655fb3eab0 JavaThread "Unconstrained build operations Thread 116"        [_thread_blocked, id=1416, stack(0x00000007e2600000,0x00000007e2700000) (1024K)]
  0x000001655fb3f7d0 JavaThread "Unconstrained build operations Thread 117"        [_thread_blocked, id=15796, stack(0x00000007e2700000,0x00000007e2800000) (1024K)]
  0x000001655fb3d070 JavaThread "Unconstrained build operations Thread 118"        [_thread_blocked, id=23300, stack(0x00000007e2a00000,0x00000007e2b00000) (1024K)]
  0x000001655fb40b80 JavaThread "Unconstrained build operations Thread 119"        [_thread_blocked, id=44588, stack(0x00000007e2b00000,0x00000007e2c00000) (1024K)]
  0x000001655fb3dd90 JavaThread "Unconstrained build operations Thread 120"        [_thread_blocked, id=48192, stack(0x00000007e2800000,0x00000007e2900000) (1024K)]
  0x000001655fb44000 JavaThread "WorkerExecutor Queue Thread 2"        [_thread_blocked, id=42516, stack(0x00000007e2c00000,0x00000007e2d00000) (1024K)]
  0x000001655fb44690 JavaThread "WorkerExecutor Queue Thread 3"        [_thread_blocked, id=10268, stack(0x00000007e2d00000,0x00000007e2e00000) (1024K)]
  0x000001655fb425c0 JavaThread "WorkerExecutor Queue Thread 4"        [_thread_blocked, id=32424, stack(0x00000007e2e00000,0x00000007e2f00000) (1024K)]
  0x000001655fb43970 JavaThread "WorkerExecutor Queue Thread 5"        [_thread_blocked, id=3800, stack(0x00000007e2f00000,0x00000007e3000000) (1024K)]
  0x000001655fb41f30 JavaThread "WorkerExecutor Queue Thread 6"        [_thread_blocked, id=9028, stack(0x00000007e3000000,0x00000007e3100000) (1024K)]
  0x000001655a727a00 JavaThread "WorkerExecutor Queue Thread 7"        [_thread_blocked, id=49976, stack(0x00000007e3100000,0x00000007e3200000) (1024K)]
  0x000001655cfb8030 JavaThread "WorkerExecutor Queue Thread 9"        [_thread_blocked, id=36048, stack(0x00000007e3300000,0x00000007e3400000) (1024K)]
  0x000001655cfc0a00 JavaThread "WorkerExecutor Queue Thread 10"        [_thread_blocked, id=1752, stack(0x00000007e3400000,0x00000007e3500000) (1024K)]
  0x000001655e78b0f0 JavaThread "WorkerExecutor Queue Thread 11"        [_thread_blocked, id=15644, stack(0x00000007e3500000,0x00000007e3600000) (1024K)]
  0x0000016560787b70 JavaThread "WorkerExecutor Queue Thread 12"        [_thread_blocked, id=34284, stack(0x00000007e3600000,0x00000007e3700000) (1024K)]
  0x000001655bf8dcc0 JavaThread "C2 CompilerThread1"         daemon [_thread_blocked, id=34196, stack(0x00000007df000000,0x00000007df100000) (1024K)]
  0x00000165602b8420 JavaThread "C2 CompilerThread2"         daemon [_thread_blocked, id=43360, stack(0x00000007df100000,0x00000007df200000) (1024K)]
  0x000001656078a960 JavaThread "WorkerExecutor Queue Thread 13"        [_thread_blocked, id=5116, stack(0x00000007e0500000,0x00000007e0600000) (1024K)]
Total: 186

Other Threads:
  0x000001657f2b1490 VMThread "VM Thread"                           [id=35484, stack(0x00000007d7200000,0x00000007d7300000) (1024K)]
  0x000001657f3eb500 WatcherThread "VM Periodic Task Thread"        [id=28996, stack(0x00000007d7100000,0x00000007d7200000) (1024K)]
  0x0000016575207080 WorkerThread "GC Thread#0"                     [id=23912, stack(0x00000007d6c00000,0x00000007d6d00000) (1024K)]
  0x000001657f2b10e0 WorkerThread "GC Thread#1"                     [id=12924, stack(0x00000007d7f00000,0x00000007d8000000) (1024K)]
  0x000001657f2b1840 WorkerThread "GC Thread#2"                     [id=27236, stack(0x00000007d8000000,0x00000007d8100000) (1024K)]
  0x000001657f2b0980 WorkerThread "GC Thread#3"                     [id=37276, stack(0x00000007d8100000,0x00000007d8200000) (1024K)]
  0x000001657f2b1bf0 WorkerThread "GC Thread#4"                     [id=34512, stack(0x00000007d8200000,0x00000007d8300000) (1024K)]
  0x000001657f2b0d30 WorkerThread "GC Thread#5"                     [id=13408, stack(0x00000007d8300000,0x00000007d8400000) (1024K)]
  0x000001657f2b1fa0 WorkerThread "GC Thread#6"                     [id=23820, stack(0x00000007d8400000,0x00000007d8500000) (1024K)]
  0x000001657fbe3700 WorkerThread "GC Thread#7"                     [id=15028, stack(0x00000007d8500000,0x00000007d8600000) (1024K)]
  0x000001657fbe5be0 WorkerThread "GC Thread#8"                     [id=38752, stack(0x00000007d8600000,0x00000007d8700000) (1024K)]
  0x000001657fbe3ab0 WorkerThread "GC Thread#9"                     [id=39296, stack(0x00000007d8700000,0x00000007d8800000) (1024K)]
  0x0000016575217f80 ConcurrentGCThread "G1 Main Marker"            [id=43580, stack(0x00000007d6d00000,0x00000007d6e00000) (1024K)]
  0x0000016575219820 WorkerThread "G1 Conc#0"                       [id=12756, stack(0x00000007d6e00000,0x00000007d6f00000) (1024K)]
  0x000001655e385910 WorkerThread "G1 Conc#1"                       [id=34380, stack(0x00000007d9500000,0x00000007d9600000) (1024K)]
  0x000001655e3842f0 WorkerThread "G1 Conc#2"                       [id=5420, stack(0x00000007d9600000,0x00000007d9700000) (1024K)]
  0x000001657f292460 ConcurrentGCThread "G1 Refine#0"               [id=1380, stack(0x00000007d6f00000,0x00000007d7000000) (1024K)]
  0x000001657f293ca0 ConcurrentGCThread "G1 Service"                [id=11612, stack(0x00000007d7000000,0x00000007d7100000) (1024K)]
Total: 18

Threads with active compile tasks:
C2 CompilerThread0  144267 33887 %     4       com.android.tools.r8.internal.CQ::a @ 1587 (1862 bytes)
C1 CompilerThread0  144267 34142       2       com.android.tools.r8.ir.optimize.M::a (767 bytes)
C2 CompilerThread1  144267 33863 %     4       com.android.tools.r8.internal.CQ::b @ 2338 (4448 bytes)
C2 CompilerThread2  144267 34137       4       com.android.tools.r8.internal.Qk0::b (198 bytes)
Total: 4

VM state: at safepoint (normal execution)

VM Mutex/Monitor currently owned by a thread:  ([mutex/lock_event])
[0x00007ff96f92f570] Threads_lock - owner thread: 0x000001657f2b1490
[0x00007ff96f92f670] Heap_lock - owner thread: 0x000001655e789020

Heap address: 0x0000000080000000, size: 2048 MB, Compressed Oops mode: 32-bit

CDS archive(s) mapped at: [0x0000016513000000-0x0000016513c80000-0x0000016513c80000), size 13107200, SharedBaseAddress: 0x0000016513000000, ArchiveRelocationMode: 1.
Compressed class space mapped at: 0x0000016514000000-0x0000016554000000, reserved size: 1073741824
Narrow klass base: 0x0000016513000000, Narrow klass shift: 0, Narrow klass range: 0x100000000

GC Precious Log:
 CardTable entry size: 512
 Card Set container configuration: InlinePtr #cards 5 size 8 Array Of Cards #cards 12 size 40 Howl #buckets 4 coarsen threshold 1843 Howl Bitmap #cards 512 size 80 coarsen threshold 460 Card regions per heap region 1 cards per card region 2048
 CPUs: 12 total, 12 available
 Memory: 32489M
 Large Page Support: Disabled
 NUMA Support: Disabled
 Compressed Oops: Enabled (32-bit)
 Heap Region Size: 1M
 Heap Min Capacity: 8M
 Heap Initial Capacity: 508M
 Heap Max Capacity: 2G
 Pre-touch: Disabled
 Parallel Workers: 10
 Concurrent Workers: 3
 Concurrent Refinement Workers: 10
 Periodic GC: Disabled

Heap:
 garbage-first heap   total 553984K, used 290096K [0x0000000080000000, 0x0000000100000000)
  region size 1024K, 24 young (24576K), 24 survivors (24576K)
 Metaspace       used 140903K, committed 143232K, reserved 1179648K
  class space    used 19363K, committed 20544K, reserved 1048576K

Heap Regions: E=young(eden), S=young(survivor), O=old, HS=humongous(starts), HC=humongous(continues), CS=collection set, F=free, TAMS=top-at-mark-start, PB=parsable bottom
|   0|0x0000000080000000, 0x0000000080100000, 0x0000000080100000|100%|HS|  |TAMS 0x0000000080100000| PB 0x0000000080000000| Complete 
|   1|0x0000000080100000, 0x0000000080200000, 0x0000000080200000|100%|HC|  |TAMS 0x0000000080200000| PB 0x0000000080100000| Complete 
|   2|0x0000000080200000, 0x0000000080300000, 0x0000000080300000|100%|HC|  |TAMS 0x0000000080300000| PB 0x0000000080200000| Complete 
|   3|0x0000000080300000, 0x0000000080400000, 0x0000000080400000|100%|HC|  |TAMS 0x0000000080400000| PB 0x0000000080300000| Complete 
|   4|0x0000000080400000, 0x0000000080500000, 0x0000000080500000|100%| O|  |TAMS 0x0000000080500000| PB 0x0000000080400000| Untracked 
|   5|0x0000000080500000, 0x0000000080600000, 0x0000000080600000|100%| O|  |TAMS 0x0000000080600000| PB 0x0000000080500000| Untracked 
|   6|0x0000000080600000, 0x0000000080700000, 0x0000000080700000|100%| O|  |TAMS 0x0000000080700000| PB 0x0000000080600000| Untracked 
|   7|0x0000000080700000, 0x0000000080800000, 0x0000000080800000|100%| O|  |TAMS 0x0000000080800000| PB 0x0000000080700000| Untracked 
|   8|0x0000000080800000, 0x0000000080900000, 0x0000000080900000|100%| O|  |TAMS 0x0000000080900000| PB 0x0000000080800000| Untracked 
|   9|0x0000000080900000, 0x0000000080a00000, 0x0000000080a00000|100%| O|  |TAMS 0x0000000080a00000| PB 0x0000000080900000| Untracked 
|  10|0x0000000080a00000, 0x0000000080b00000, 0x0000000080b00000|100%| O|  |TAMS 0x0000000080b00000| PB 0x0000000080a00000| Untracked 
|  11|0x0000000080b00000, 0x0000000080c00000, 0x0000000080c00000|100%|HS|  |TAMS 0x0000000080c00000| PB 0x0000000080b00000| Complete 
|  12|0x0000000080c00000, 0x0000000080d00000, 0x0000000080d00000|100%| O|  |TAMS 0x0000000080d00000| PB 0x0000000080c00000| Untracked 
|  13|0x0000000080d00000, 0x0000000080e00000, 0x0000000080e00000|100%| O|  |TAMS 0x0000000080e00000| PB 0x0000000080d00000| Untracked 
|  14|0x0000000080e00000, 0x0000000080f00000, 0x0000000080f00000|100%| O|  |TAMS 0x0000000080f00000| PB 0x0000000080e00000| Untracked 
|  15|0x0000000080f00000, 0x0000000081000000, 0x0000000081000000|100%| O|  |TAMS 0x0000000081000000| PB 0x0000000080f00000| Untracked 
|  16|0x0000000081000000, 0x0000000081100000, 0x0000000081100000|100%| O|  |TAMS 0x0000000081100000| PB 0x0000000081000000| Untracked 
|  17|0x0000000081100000, 0x0000000081200000, 0x0000000081200000|100%| O|  |TAMS 0x0000000081200000| PB 0x0000000081100000| Untracked 
|  18|0x0000000081200000, 0x0000000081300000, 0x0000000081300000|100%| O|  |TAMS 0x0000000081300000| PB 0x0000000081200000| Untracked 
|  19|0x0000000081300000, 0x0000000081400000, 0x0000000081400000|100%| O|  |TAMS 0x0000000081400000| PB 0x0000000081300000| Untracked 
|  20|0x0000000081400000, 0x0000000081500000, 0x0000000081500000|100%| O|  |TAMS 0x0000000081500000| PB 0x0000000081400000| Untracked 
|  21|0x0000000081500000, 0x0000000081600000, 0x0000000081600000|100%| O|  |TAMS 0x0000000081600000| PB 0x0000000081500000| Untracked 
|  22|0x0000000081600000, 0x0000000081700000, 0x0000000081700000|100%| O|  |TAMS 0x0000000081700000| PB 0x0000000081600000| Untracked 
|  23|0x0000000081700000, 0x0000000081800000, 0x0000000081800000|100%| O|  |TAMS 0x0000000081800000| PB 0x0000000081700000| Untracked 
|  24|0x0000000081800000, 0x0000000081900000, 0x0000000081900000|100%| O|  |TAMS 0x0000000081900000| PB 0x0000000081800000| Untracked 
|  25|0x0000000081900000, 0x0000000081a00000, 0x0000000081a00000|100%| O|  |TAMS 0x0000000081a00000| PB 0x0000000081900000| Untracked 
|  26|0x0000000081a00000, 0x0000000081b00000, 0x0000000081b00000|100%| O|  |TAMS 0x0000000081b00000| PB 0x0000000081a00000| Untracked 
|  27|0x0000000081b00000, 0x0000000081c00000, 0x0000000081c00000|100%| O|  |TAMS 0x0000000081c00000| PB 0x0000000081b00000| Untracked 
|  28|0x0000000081c00000, 0x0000000081d00000, 0x0000000081d00000|100%| O|  |TAMS 0x0000000081d00000| PB 0x0000000081c00000| Untracked 
|  29|0x0000000081d00000, 0x0000000081e00000, 0x0000000081e00000|100%| O|  |TAMS 0x0000000081e00000| PB 0x0000000081d00000| Untracked 
|  30|0x0000000081e00000, 0x0000000081f00000, 0x0000000081f00000|100%| O|  |TAMS 0x0000000081f00000| PB 0x0000000081e00000| Untracked 
|  31|0x0000000081f00000, 0x0000000082000000, 0x0000000082000000|100%| O|  |TAMS 0x0000000082000000| PB 0x0000000081f00000| Untracked 
|  32|0x0000000082000000, 0x0000000082100000, 0x0000000082100000|100%| O|  |TAMS 0x0000000082100000| PB 0x0000000082000000| Untracked 
|  33|0x0000000082100000, 0x0000000082200000, 0x0000000082200000|100%| O|  |TAMS 0x0000000082200000| PB 0x0000000082100000| Untracked 
|  34|0x0000000082200000, 0x0000000082300000, 0x0000000082300000|100%| O|  |TAMS 0x0000000082300000| PB 0x0000000082200000| Untracked 
|  35|0x0000000082300000, 0x0000000082400000, 0x0000000082400000|100%| O|  |TAMS 0x0000000082400000| PB 0x0000000082300000| Untracked 
|  36|0x0000000082400000, 0x0000000082500000, 0x0000000082500000|100%| O|  |TAMS 0x0000000082500000| PB 0x0000000082400000| Untracked 
|  37|0x0000000082500000, 0x0000000082600000, 0x0000000082600000|100%| O|  |TAMS 0x0000000082600000| PB 0x0000000082500000| Untracked 
|  38|0x0000000082600000, 0x0000000082700000, 0x0000000082700000|100%| O|  |TAMS 0x0000000082700000| PB 0x0000000082600000| Untracked 
|  39|0x0000000082700000, 0x0000000082800000, 0x0000000082800000|100%| O|  |TAMS 0x0000000082800000| PB 0x0000000082700000| Untracked 
|  40|0x0000000082800000, 0x0000000082900000, 0x0000000082900000|100%| O|  |TAMS 0x0000000082900000| PB 0x0000000082800000| Untracked 
|  41|0x0000000082900000, 0x0000000082a00000, 0x0000000082a00000|100%| O|  |TAMS 0x0000000082a00000| PB 0x0000000082900000| Untracked 
|  42|0x0000000082a00000, 0x0000000082b00000, 0x0000000082b00000|100%| O|  |TAMS 0x0000000082b00000| PB 0x0000000082a00000| Untracked 
|  43|0x0000000082b00000, 0x0000000082c00000, 0x0000000082c00000|100%| O|  |TAMS 0x0000000082c00000| PB 0x0000000082b00000| Untracked 
|  44|0x0000000082c00000, 0x0000000082d00000, 0x0000000082d00000|100%| O|  |TAMS 0x0000000082d00000| PB 0x0000000082c00000| Untracked 
|  45|0x0000000082d00000, 0x0000000082e00000, 0x0000000082e00000|100%| O|  |TAMS 0x0000000082e00000| PB 0x0000000082d00000| Untracked 
|  46|0x0000000082e00000, 0x0000000082f00000, 0x0000000082f00000|100%| O|  |TAMS 0x0000000082f00000| PB 0x0000000082e00000| Untracked 
|  47|0x0000000082f00000, 0x0000000083000000, 0x0000000083000000|100%| O|  |TAMS 0x0000000083000000| PB 0x0000000082f00000| Untracked 
|  48|0x0000000083000000, 0x0000000083100000, 0x0000000083100000|100%| O|  |TAMS 0x0000000083100000| PB 0x0000000083000000| Untracked 
|  49|0x0000000083100000, 0x0000000083200000, 0x0000000083200000|100%| O|  |TAMS 0x0000000083200000| PB 0x0000000083100000| Untracked 
|  50|0x0000000083200000, 0x0000000083300000, 0x0000000083300000|100%| O|  |TAMS 0x0000000083300000| PB 0x0000000083200000| Untracked 
|  51|0x0000000083300000, 0x0000000083400000, 0x0000000083400000|100%| O|  |TAMS 0x0000000083400000| PB 0x0000000083300000| Untracked 
|  52|0x0000000083400000, 0x0000000083500000, 0x0000000083500000|100%| O|  |TAMS 0x0000000083500000| PB 0x0000000083400000| Untracked 
|  53|0x0000000083500000, 0x0000000083600000, 0x0000000083600000|100%| O|  |TAMS 0x0000000083600000| PB 0x0000000083500000| Untracked 
|  54|0x0000000083600000, 0x0000000083700000, 0x0000000083700000|100%| O|  |TAMS 0x0000000083700000| PB 0x0000000083600000| Untracked 
|  55|0x0000000083700000, 0x0000000083800000, 0x0000000083800000|100%| O|  |TAMS 0x0000000083800000| PB 0x0000000083700000| Untracked 
|  56|0x0000000083800000, 0x0000000083900000, 0x0000000083900000|100%| O|  |TAMS 0x0000000083900000| PB 0x0000000083800000| Untracked 
|  57|0x0000000083900000, 0x0000000083a00000, 0x0000000083a00000|100%| O|  |TAMS 0x0000000083a00000| PB 0x0000000083900000| Untracked 
|  58|0x0000000083a00000, 0x0000000083b00000, 0x0000000083b00000|100%| O|  |TAMS 0x0000000083b00000| PB 0x0000000083a00000| Untracked 
|  59|0x0000000083b00000, 0x0000000083c00000, 0x0000000083c00000|100%| O|  |TAMS 0x0000000083c00000| PB 0x0000000083b00000| Untracked 
|  60|0x0000000083c00000, 0x0000000083d00000, 0x0000000083d00000|100%| O|  |TAMS 0x0000000083d00000| PB 0x0000000083c00000| Untracked 
|  61|0x0000000083d00000, 0x0000000083e00000, 0x0000000083e00000|100%| O|  |TAMS 0x0000000083e00000| PB 0x0000000083d00000| Untracked 
|  62|0x0000000083e00000, 0x0000000083f00000, 0x0000000083f00000|100%| O|  |TAMS 0x0000000083f00000| PB 0x0000000083e00000| Untracked 
|  63|0x0000000083f00000, 0x0000000084000000, 0x0000000084000000|100%| O|  |TAMS 0x0000000084000000| PB 0x0000000083f00000| Untracked 
|  64|0x0000000084000000, 0x0000000084100000, 0x0000000084100000|100%| O|  |TAMS 0x0000000084100000| PB 0x0000000084000000| Untracked 
|  65|0x0000000084100000, 0x0000000084200000, 0x0000000084200000|100%| O|  |TAMS 0x0000000084200000| PB 0x0000000084100000| Untracked 
|  66|0x0000000084200000, 0x0000000084300000, 0x0000000084300000|100%| O|  |TAMS 0x0000000084300000| PB 0x0000000084200000| Untracked 
|  67|0x0000000084300000, 0x0000000084400000, 0x0000000084400000|100%| O|  |TAMS 0x0000000084400000| PB 0x0000000084300000| Untracked 
|  68|0x0000000084400000, 0x0000000084500000, 0x0000000084500000|100%| O|  |TAMS 0x0000000084500000| PB 0x0000000084400000| Untracked 
|  69|0x0000000084500000, 0x0000000084600000, 0x0000000084600000|100%| O|  |TAMS 0x0000000084600000| PB 0x0000000084500000| Untracked 
|  70|0x0000000084600000, 0x0000000084700000, 0x0000000084700000|100%| O|  |TAMS 0x0000000084700000| PB 0x0000000084600000| Untracked 
|  71|0x0000000084700000, 0x0000000084800000, 0x0000000084800000|100%| O|  |TAMS 0x0000000084800000| PB 0x0000000084700000| Untracked 
|  72|0x0000000084800000, 0x0000000084900000, 0x0000000084900000|100%|HS|  |TAMS 0x0000000084900000| PB 0x0000000084800000| Complete 
|  73|0x0000000084900000, 0x0000000084a00000, 0x0000000084a00000|100%|HS|  |TAMS 0x0000000084a00000| PB 0x0000000084900000| Complete 
|  74|0x0000000084a00000, 0x0000000084b00000, 0x0000000084b00000|100%| O|  |TAMS 0x0000000084b00000| PB 0x0000000084a00000| Untracked 
|  75|0x0000000084b00000, 0x0000000084c00000, 0x0000000084c00000|100%| O|  |TAMS 0x0000000084c00000| PB 0x0000000084b00000| Untracked 
|  76|0x0000000084c00000, 0x0000000084d00000, 0x0000000084d00000|100%| O|  |TAMS 0x0000000084d00000| PB 0x0000000084c00000| Untracked 
|  77|0x0000000084d00000, 0x0000000084e00000, 0x0000000084e00000|100%| O|  |TAMS 0x0000000084e00000| PB 0x0000000084d00000| Untracked 
|  78|0x0000000084e00000, 0x0000000084f00000, 0x0000000084f00000|100%| O|  |TAMS 0x0000000084f00000| PB 0x0000000084e00000| Untracked 
|  79|0x0000000084f00000, 0x0000000085000000, 0x0000000085000000|100%| O|  |TAMS 0x0000000085000000| PB 0x0000000084f00000| Untracked 
|  80|0x0000000085000000, 0x0000000085100000, 0x0000000085100000|100%| O|  |TAMS 0x0000000085100000| PB 0x0000000085000000| Untracked 
|  81|0x0000000085100000, 0x0000000085200000, 0x0000000085200000|100%| O|  |TAMS 0x0000000085200000| PB 0x0000000085100000| Untracked 
|  82|0x0000000085200000, 0x0000000085300000, 0x0000000085300000|100%| O|  |TAMS 0x0000000085300000| PB 0x0000000085200000| Untracked 
|  83|0x0000000085300000, 0x0000000085400000, 0x0000000085400000|100%| O|  |TAMS 0x0000000085400000| PB 0x0000000085300000| Untracked 
|  84|0x0000000085400000, 0x0000000085500000, 0x0000000085500000|100%| O|  |TAMS 0x0000000085500000| PB 0x0000000085400000| Untracked 
|  85|0x0000000085500000, 0x0000000085600000, 0x0000000085600000|100%|HS|  |TAMS 0x0000000085600000| PB 0x0000000085500000| Complete 
|  86|0x0000000085600000, 0x0000000085700000, 0x0000000085700000|100%| O|  |TAMS 0x0000000085700000| PB 0x0000000085600000| Untracked 
|  87|0x0000000085700000, 0x0000000085800000, 0x0000000085800000|100%| O|  |TAMS 0x0000000085800000| PB 0x0000000085700000| Untracked 
|  88|0x0000000085800000, 0x0000000085900000, 0x0000000085900000|100%| O|  |TAMS 0x0000000085900000| PB 0x0000000085800000| Untracked 
|  89|0x0000000085900000, 0x0000000085a00000, 0x0000000085a00000|100%| O|  |TAMS 0x0000000085a00000| PB 0x0000000085900000| Untracked 
|  90|0x0000000085a00000, 0x0000000085b00000, 0x0000000085b00000|100%| O|  |TAMS 0x0000000085b00000| PB 0x0000000085a00000| Untracked 
|  91|0x0000000085b00000, 0x0000000085c00000, 0x0000000085c00000|100%| O|  |TAMS 0x0000000085c00000| PB 0x0000000085b00000| Untracked 
|  92|0x0000000085c00000, 0x0000000085d00000, 0x0000000085d00000|100%| O|  |TAMS 0x0000000085d00000| PB 0x0000000085c00000| Untracked 
|  93|0x0000000085d00000, 0x0000000085e00000, 0x0000000085e00000|100%|HS|  |TAMS 0x0000000085e00000| PB 0x0000000085d00000| Complete 
|  94|0x0000000085e00000, 0x0000000085f00000, 0x0000000085f00000|100%|HS|  |TAMS 0x0000000085f00000| PB 0x0000000085e00000| Complete 
|  95|0x0000000085f00000, 0x0000000086000000, 0x0000000086000000|100%| O|  |TAMS 0x0000000086000000| PB 0x0000000085f00000| Untracked 
|  96|0x0000000086000000, 0x0000000086100000, 0x0000000086100000|100%|HS|  |TAMS 0x0000000086100000| PB 0x0000000086000000| Complete 
|  97|0x0000000086100000, 0x0000000086200000, 0x0000000086200000|100%|HS|  |TAMS 0x0000000086200000| PB 0x0000000086100000| Complete 
|  98|0x0000000086200000, 0x0000000086300000, 0x0000000086300000|100%| O|  |TAMS 0x0000000086300000| PB 0x0000000086200000| Untracked 
|  99|0x0000000086300000, 0x0000000086400000, 0x0000000086400000|100%| O|  |TAMS 0x0000000086400000| PB 0x0000000086300000| Untracked 
| 100|0x0000000086400000, 0x0000000086500000, 0x0000000086500000|100%| O|  |TAMS 0x0000000086500000| PB 0x0000000086400000| Untracked 
| 101|0x0000000086500000, 0x0000000086600000, 0x0000000086600000|100%| O|  |TAMS 0x0000000086600000| PB 0x0000000086500000| Untracked 
| 102|0x0000000086600000, 0x0000000086700000, 0x0000000086700000|100%| O|  |TAMS 0x0000000086700000| PB 0x0000000086600000| Untracked 
| 103|0x0000000086700000, 0x0000000086800000, 0x0000000086800000|100%| O|  |TAMS 0x0000000086800000| PB 0x0000000086700000| Untracked 
| 104|0x0000000086800000, 0x0000000086900000, 0x0000000086900000|100%|HS|  |TAMS 0x0000000086900000| PB 0x0000000086800000| Complete 
| 105|0x0000000086900000, 0x0000000086a00000, 0x0000000086a00000|100%| O|  |TAMS 0x0000000086a00000| PB 0x0000000086900000| Untracked 
| 106|0x0000000086a00000, 0x0000000086b00000, 0x0000000086b00000|100%| O|  |TAMS 0x0000000086b00000| PB 0x0000000086a00000| Untracked 
| 107|0x0000000086b00000, 0x0000000086c00000, 0x0000000086c00000|100%| O|  |TAMS 0x0000000086c00000| PB 0x0000000086b00000| Untracked 
| 108|0x0000000086c00000, 0x0000000086d00000, 0x0000000086d00000|100%| O|  |TAMS 0x0000000086d00000| PB 0x0000000086c00000| Untracked 
| 109|0x0000000086d00000, 0x0000000086e00000, 0x0000000086e00000|100%| O|  |TAMS 0x0000000086e00000| PB 0x0000000086d00000| Untracked 
| 110|0x0000000086e00000, 0x0000000086f00000, 0x0000000086f00000|100%| O|  |TAMS 0x0000000086f00000| PB 0x0000000086e00000| Untracked 
| 111|0x0000000086f00000, 0x0000000087000000, 0x0000000087000000|100%| O|  |TAMS 0x0000000087000000| PB 0x0000000086f00000| Untracked 
| 112|0x0000000087000000, 0x0000000087100000, 0x0000000087100000|100%| O|  |TAMS 0x0000000087100000| PB 0x0000000087000000| Untracked 
| 113|0x0000000087100000, 0x0000000087200000, 0x0000000087200000|100%| O|  |TAMS 0x0000000087200000| PB 0x0000000087100000| Untracked 
| 114|0x0000000087200000, 0x0000000087300000, 0x0000000087300000|100%| O|  |TAMS 0x0000000087300000| PB 0x0000000087200000| Untracked 
| 115|0x0000000087300000, 0x0000000087400000, 0x0000000087400000|100%| O|  |TAMS 0x0000000087400000| PB 0x0000000087300000| Untracked 
| 116|0x0000000087400000, 0x0000000087500000, 0x0000000087500000|100%| O|  |TAMS 0x0000000087500000| PB 0x0000000087400000| Untracked 
| 117|0x0000000087500000, 0x0000000087600000, 0x0000000087600000|100%| O|  |TAMS 0x0000000087600000| PB 0x0000000087500000| Untracked 
| 118|0x0000000087600000, 0x0000000087700000, 0x0000000087700000|100%| O|  |TAMS 0x0000000087700000| PB 0x0000000087600000| Untracked 
| 119|0x0000000087700000, 0x0000000087800000, 0x0000000087800000|100%| O|  |TAMS 0x0000000087800000| PB 0x0000000087700000| Untracked 
| 120|0x0000000087800000, 0x0000000087900000, 0x0000000087900000|100%| O|  |TAMS 0x0000000087900000| PB 0x0000000087800000| Untracked 
| 121|0x0000000087900000, 0x0000000087a00000, 0x0000000087a00000|100%| O|  |TAMS 0x0000000087a00000| PB 0x0000000087900000| Untracked 
| 122|0x0000000087a00000, 0x0000000087b00000, 0x0000000087b00000|100%| O|  |TAMS 0x0000000087b00000| PB 0x0000000087a00000| Untracked 
| 123|0x0000000087b00000, 0x0000000087c00000, 0x0000000087c00000|100%| O|  |TAMS 0x0000000087c00000| PB 0x0000000087b00000| Untracked 
| 124|0x0000000087c00000, 0x0000000087d00000, 0x0000000087d00000|100%| O|  |TAMS 0x0000000087d00000| PB 0x0000000087c00000| Untracked 
| 125|0x0000000087d00000, 0x0000000087e00000, 0x0000000087e00000|100%| O|  |TAMS 0x0000000087e00000| PB 0x0000000087d00000| Untracked 
| 126|0x0000000087e00000, 0x0000000087f00000, 0x0000000087f00000|100%| O|  |TAMS 0x0000000087f00000| PB 0x0000000087e00000| Untracked 
| 127|0x0000000087f00000, 0x0000000088000000, 0x0000000088000000|100%| O|  |TAMS 0x0000000088000000| PB 0x0000000087f00000| Untracked 
| 128|0x0000000088000000, 0x0000000088100000, 0x0000000088100000|100%| O|  |TAMS 0x0000000088100000| PB 0x0000000088000000| Untracked 
| 129|0x0000000088100000, 0x0000000088200000, 0x0000000088200000|100%| O|  |TAMS 0x0000000088200000| PB 0x0000000088100000| Untracked 
| 130|0x0000000088200000, 0x0000000088300000, 0x0000000088300000|100%| O|  |TAMS 0x0000000088300000| PB 0x0000000088200000| Untracked 
| 131|0x0000000088300000, 0x0000000088400000, 0x0000000088400000|100%| O|  |TAMS 0x0000000088400000| PB 0x0000000088300000| Untracked 
| 132|0x0000000088400000, 0x0000000088500000, 0x0000000088500000|100%| O|  |TAMS 0x0000000088500000| PB 0x0000000088400000| Untracked 
| 133|0x0000000088500000, 0x0000000088600000, 0x0000000088600000|100%| O|  |TAMS 0x0000000088600000| PB 0x0000000088500000| Untracked 
| 134|0x0000000088600000, 0x0000000088700000, 0x0000000088700000|100%| O|  |TAMS 0x0000000088700000| PB 0x0000000088600000| Untracked 
| 135|0x0000000088700000, 0x0000000088800000, 0x0000000088800000|100%| O|  |TAMS 0x0000000088800000| PB 0x0000000088700000| Untracked 
| 136|0x0000000088800000, 0x0000000088900000, 0x0000000088900000|100%| O|  |TAMS 0x0000000088900000| PB 0x0000000088800000| Untracked 
| 137|0x0000000088900000, 0x0000000088a00000, 0x0000000088a00000|100%| O|  |TAMS 0x0000000088a00000| PB 0x0000000088900000| Untracked 
| 138|0x0000000088a00000, 0x0000000088b00000, 0x0000000088b00000|100%| O|  |TAMS 0x0000000088b00000| PB 0x0000000088a00000| Untracked 
| 139|0x0000000088b00000, 0x0000000088c00000, 0x0000000088c00000|100%| O|  |TAMS 0x0000000088c00000| PB 0x0000000088b00000| Untracked 
| 140|0x0000000088c00000, 0x0000000088d00000, 0x0000000088d00000|100%| O|  |TAMS 0x0000000088d00000| PB 0x0000000088c00000| Untracked 
| 141|0x0000000088d00000, 0x0000000088e00000, 0x0000000088e00000|100%| O|  |TAMS 0x0000000088e00000| PB 0x0000000088d00000| Untracked 
| 142|0x0000000088e00000, 0x0000000088f00000, 0x0000000088f00000|100%| O|  |TAMS 0x0000000088f00000| PB 0x0000000088e00000| Untracked 
| 143|0x0000000088f00000, 0x0000000089000000, 0x0000000089000000|100%| O|  |TAMS 0x0000000089000000| PB 0x0000000088f00000| Untracked 
| 144|0x0000000089000000, 0x0000000089100000, 0x0000000089100000|100%| O|  |TAMS 0x0000000089100000| PB 0x0000000089000000| Untracked 
| 145|0x0000000089100000, 0x0000000089200000, 0x0000000089200000|100%| O|  |TAMS 0x0000000089200000| PB 0x0000000089100000| Untracked 
| 146|0x0000000089200000, 0x0000000089300000, 0x0000000089300000|100%| O|  |TAMS 0x0000000089300000| PB 0x0000000089200000| Untracked 
| 147|0x0000000089300000, 0x0000000089400000, 0x0000000089400000|100%| O|  |TAMS 0x0000000089400000| PB 0x0000000089300000| Untracked 
| 148|0x0000000089400000, 0x0000000089500000, 0x0000000089500000|100%| O|  |TAMS 0x0000000089500000| PB 0x0000000089400000| Untracked 
| 149|0x0000000089500000, 0x0000000089600000, 0x0000000089600000|100%| O|  |TAMS 0x0000000089600000| PB 0x0000000089500000| Untracked 
| 150|0x0000000089600000, 0x0000000089700000, 0x0000000089700000|100%| O|  |TAMS 0x0000000089700000| PB 0x0000000089600000| Untracked 
| 151|0x0000000089700000, 0x0000000089800000, 0x0000000089800000|100%| O|  |TAMS 0x0000000089800000| PB 0x0000000089700000| Untracked 
| 152|0x0000000089800000, 0x0000000089900000, 0x0000000089900000|100%| O|  |TAMS 0x0000000089900000| PB 0x0000000089800000| Untracked 
| 153|0x0000000089900000, 0x0000000089a00000, 0x0000000089a00000|100%| O|  |TAMS 0x0000000089a00000| PB 0x0000000089900000| Untracked 
| 154|0x0000000089a00000, 0x0000000089b00000, 0x0000000089b00000|100%| O|  |TAMS 0x0000000089b00000| PB 0x0000000089a00000| Untracked 
| 155|0x0000000089b00000, 0x0000000089c00000, 0x0000000089c00000|100%| O|  |TAMS 0x0000000089c00000| PB 0x0000000089b00000| Untracked 
| 156|0x0000000089c00000, 0x0000000089d00000, 0x0000000089d00000|100%| O|  |TAMS 0x0000000089d00000| PB 0x0000000089c00000| Untracked 
| 157|0x0000000089d00000, 0x0000000089e00000, 0x0000000089e00000|100%| O|  |TAMS 0x0000000089e00000| PB 0x0000000089d00000| Untracked 
| 158|0x0000000089e00000, 0x0000000089f00000, 0x0000000089f00000|100%| O|  |TAMS 0x0000000089f00000| PB 0x0000000089e00000| Untracked 
| 159|0x0000000089f00000, 0x000000008a000000, 0x000000008a000000|100%| O|  |TAMS 0x000000008a000000| PB 0x0000000089f00000| Untracked 
| 160|0x000000008a000000, 0x000000008a100000, 0x000000008a100000|100%| O|  |TAMS 0x000000008a100000| PB 0x000000008a000000| Untracked 
| 161|0x000000008a100000, 0x000000008a200000, 0x000000008a200000|100%| O|  |TAMS 0x000000008a200000| PB 0x000000008a100000| Untracked 
| 162|0x000000008a200000, 0x000000008a300000, 0x000000008a300000|100%| O|  |TAMS 0x000000008a200000| PB 0x000000008a200000| Untracked 
| 163|0x000000008a300000, 0x000000008a400000, 0x000000008a400000|100%| O|  |TAMS 0x000000008a400000| PB 0x000000008a300000| Untracked 
| 164|0x000000008a400000, 0x000000008a500000, 0x000000008a500000|100%| O|  |TAMS 0x000000008a400000| PB 0x000000008a400000| Untracked 
| 165|0x000000008a500000, 0x000000008a600000, 0x000000008a600000|100%|HS|  |TAMS 0x000000008a600000| PB 0x000000008a500000| Complete 
| 166|0x000000008a600000, 0x000000008a700000, 0x000000008a700000|100%| O|  |TAMS 0x000000008a600000| PB 0x000000008a600000| Untracked 
| 167|0x000000008a700000, 0x000000008a800000, 0x000000008a800000|100%| O|  |TAMS 0x000000008a800000| PB 0x000000008a700000| Untracked 
| 168|0x000000008a800000, 0x000000008a900000, 0x000000008a900000|100%| O|  |TAMS 0x000000008a800000| PB 0x000000008a800000| Untracked 
| 169|0x000000008a900000, 0x000000008aa00000, 0x000000008aa00000|100%| O|  |TAMS 0x000000008aa00000| PB 0x000000008a900000| Untracked 
| 170|0x000000008aa00000, 0x000000008ab00000, 0x000000008ab00000|100%| O|  |TAMS 0x000000008ab00000| PB 0x000000008aa00000| Untracked 
| 171|0x000000008ab00000, 0x000000008ac00000, 0x000000008ac00000|100%| O|  |TAMS 0x000000008ac00000| PB 0x000000008ab00000| Untracked 
| 172|0x000000008ac00000, 0x000000008ad00000, 0x000000008ad00000|100%| O|  |TAMS 0x000000008ad00000| PB 0x000000008ac00000| Untracked 
| 173|0x000000008ad00000, 0x000000008ae00000, 0x000000008ae00000|100%| O|  |TAMS 0x000000008ae00000| PB 0x000000008ad00000| Untracked 
| 174|0x000000008ae00000, 0x000000008af00000, 0x000000008af00000|100%| O|  |TAMS 0x000000008af00000| PB 0x000000008ae00000| Untracked 
| 175|0x000000008af00000, 0x000000008b000000, 0x000000008b000000|100%| O|  |TAMS 0x000000008b000000| PB 0x000000008af00000| Untracked 
| 176|0x000000008b000000, 0x000000008b100000, 0x000000008b100000|100%| O|  |TAMS 0x000000008b100000| PB 0x000000008b000000| Untracked 
| 177|0x000000008b100000, 0x000000008b200000, 0x000000008b200000|100%| O|  |TAMS 0x000000008b200000| PB 0x000000008b100000| Untracked 
| 178|0x000000008b200000, 0x000000008b300000, 0x000000008b300000|100%| O|  |TAMS 0x000000008b200000| PB 0x000000008b200000| Untracked 
| 179|0x000000008b300000, 0x000000008b400000, 0x000000008b400000|100%| O|  |TAMS 0x000000008b400000| PB 0x000000008b300000| Untracked 
| 180|0x000000008b400000, 0x000000008b500000, 0x000000008b500000|100%| O|  |TAMS 0x000000008b500000| PB 0x000000008b400000| Untracked 
| 181|0x000000008b500000, 0x000000008b600000, 0x000000008b600000|100%| O|  |TAMS 0x000000008b600000| PB 0x000000008b500000| Untracked 
| 182|0x000000008b600000, 0x000000008b700000, 0x000000008b700000|100%| O|  |TAMS 0x000000008b700000| PB 0x000000008b600000| Untracked 
| 183|0x000000008b700000, 0x000000008b800000, 0x000000008b800000|100%| O|  |TAMS 0x000000008b800000| PB 0x000000008b700000| Untracked 
| 184|0x000000008b800000, 0x000000008b900000, 0x000000008b900000|100%| O|  |TAMS 0x000000008b900000| PB 0x000000008b800000| Untracked 
| 185|0x000000008b900000, 0x000000008ba00000, 0x000000008ba00000|100%| O|  |TAMS 0x000000008ba00000| PB 0x000000008b900000| Untracked 
| 186|0x000000008ba00000, 0x000000008bb00000, 0x000000008bb00000|100%| O|  |TAMS 0x000000008bb00000| PB 0x000000008ba00000| Untracked 
| 187|0x000000008bb00000, 0x000000008bc00000, 0x000000008bc00000|100%| O|  |TAMS 0x000000008bc00000| PB 0x000000008bb00000| Untracked 
| 188|0x000000008bc00000, 0x000000008bd00000, 0x000000008bd00000|100%| O|  |TAMS 0x000000008bd00000| PB 0x000000008bc00000| Untracked 
| 189|0x000000008bd00000, 0x000000008be00000, 0x000000008be00000|100%| O|  |TAMS 0x000000008be00000| PB 0x000000008bd00000| Untracked 
| 190|0x000000008be00000, 0x000000008bf00000, 0x000000008bf00000|100%| O|  |TAMS 0x000000008bf00000| PB 0x000000008be00000| Untracked 
| 191|0x000000008bf00000, 0x000000008c000000, 0x000000008c000000|100%| O|  |TAMS 0x000000008c000000| PB 0x000000008bf00000| Untracked 
| 192|0x000000008c000000, 0x000000008c100000, 0x000000008c100000|100%| O|  |TAMS 0x000000008c100000| PB 0x000000008c000000| Untracked 
| 193|0x000000008c100000, 0x000000008c200000, 0x000000008c200000|100%| O|  |TAMS 0x000000008c200000| PB 0x000000008c100000| Untracked 
| 194|0x000000008c200000, 0x000000008c300000, 0x000000008c300000|100%| O|  |TAMS 0x000000008c300000| PB 0x000000008c200000| Untracked 
| 195|0x000000008c300000, 0x000000008c400000, 0x000000008c400000|100%| O|  |TAMS 0x000000008c400000| PB 0x000000008c300000| Untracked 
| 196|0x000000008c400000, 0x000000008c500000, 0x000000008c500000|100%| O|  |TAMS 0x000000008c500000| PB 0x000000008c400000| Untracked 
| 197|0x000000008c500000, 0x000000008c600000, 0x000000008c600000|100%| O|  |TAMS 0x000000008c600000| PB 0x000000008c500000| Untracked 
| 198|0x000000008c600000, 0x000000008c700000, 0x000000008c700000|100%| O|  |TAMS 0x000000008c600000| PB 0x000000008c600000| Untracked 
| 199|0x000000008c700000, 0x000000008c800000, 0x000000008c800000|100%| O|  |TAMS 0x000000008c800000| PB 0x000000008c700000| Untracked 
| 200|0x000000008c800000, 0x000000008c900000, 0x000000008c900000|100%| O|  |TAMS 0x000000008c900000| PB 0x000000008c800000| Untracked 
| 201|0x000000008c900000, 0x000000008ca00000, 0x000000008ca00000|100%| O|  |TAMS 0x000000008ca00000| PB 0x000000008c900000| Untracked 
| 202|0x000000008ca00000, 0x000000008cb00000, 0x000000008cb00000|100%| O|  |TAMS 0x000000008cb00000| PB 0x000000008ca00000| Untracked 
| 203|0x000000008cb00000, 0x000000008cc00000, 0x000000008cc00000|100%| O|  |TAMS 0x000000008cc00000| PB 0x000000008cb00000| Untracked 
| 204|0x000000008cc00000, 0x000000008cd00000, 0x000000008cd00000|100%| O|  |TAMS 0x000000008cd00000| PB 0x000000008cc00000| Untracked 
| 205|0x000000008cd00000, 0x000000008ce00000, 0x000000008ce00000|100%| O|  |TAMS 0x000000008ce00000| PB 0x000000008cd00000| Untracked 
| 206|0x000000008ce00000, 0x000000008cf00000, 0x000000008cf00000|100%| O|  |TAMS 0x000000008cf00000| PB 0x000000008ce00000| Untracked 
| 207|0x000000008cf00000, 0x000000008d000000, 0x000000008d000000|100%| O|  |TAMS 0x000000008d000000| PB 0x000000008cf00000| Untracked 
| 208|0x000000008d000000, 0x000000008d100000, 0x000000008d100000|100%| O|  |TAMS 0x000000008d100000| PB 0x000000008d000000| Untracked 
| 209|0x000000008d100000, 0x000000008d14c318, 0x000000008d200000| 29%| O|  |TAMS 0x000000008d100000| PB 0x000000008d100000| Untracked 
| 210|0x000000008d200000, 0x000000008d300000, 0x000000008d300000|100%| O|  |TAMS 0x000000008d300000| PB 0x000000008d200000| Untracked 
| 211|0x000000008d300000, 0x000000008d400000, 0x000000008d400000|100%| O|  |TAMS 0x000000008d400000| PB 0x000000008d300000| Untracked 
| 212|0x000000008d400000, 0x000000008d500000, 0x000000008d500000|100%| S|CS|TAMS 0x000000008d400000| PB 0x000000008d400000| Complete 
| 213|0x000000008d500000, 0x000000008d600000, 0x000000008d600000|100%| O|  |TAMS 0x000000008d600000| PB 0x000000008d500000| Untracked 
| 214|0x000000008d600000, 0x000000008d700000, 0x000000008d700000|100%| O|  |TAMS 0x000000008d700000| PB 0x000000008d600000| Untracked 
| 215|0x000000008d700000, 0x000000008d800000, 0x000000008d800000|100%| O|  |TAMS 0x000000008d800000| PB 0x000000008d700000| Untracked 
| 216|0x000000008d800000, 0x000000008d900000, 0x000000008d900000|100%| O|  |TAMS 0x000000008d900000| PB 0x000000008d800000| Untracked 
| 217|0x000000008d900000, 0x000000008da00000, 0x000000008da00000|100%| S|CS|TAMS 0x000000008d900000| PB 0x000000008d900000| Complete 
| 218|0x000000008da00000, 0x000000008db00000, 0x000000008db00000|100%| O|  |TAMS 0x000000008db00000| PB 0x000000008da00000| Untracked 
| 219|0x000000008db00000, 0x000000008dc00000, 0x000000008dc00000|100%| S|CS|TAMS 0x000000008db00000| PB 0x000000008db00000| Complete 
| 220|0x000000008dc00000, 0x000000008dd00000, 0x000000008dd00000|100%| S|CS|TAMS 0x000000008dc00000| PB 0x000000008dc00000| Complete 
| 221|0x000000008dd00000, 0x000000008de00000, 0x000000008de00000|100%| S|CS|TAMS 0x000000008dd00000| PB 0x000000008dd00000| Complete 
| 222|0x000000008de00000, 0x000000008df00000, 0x000000008df00000|100%| O|  |TAMS 0x000000008df00000| PB 0x000000008de00000| Untracked 
| 223|0x000000008df00000, 0x000000008e000000, 0x000000008e000000|100%| S|CS|TAMS 0x000000008df00000| PB 0x000000008df00000| Complete 
| 224|0x000000008e000000, 0x000000008e100000, 0x000000008e100000|100%| S|CS|TAMS 0x000000008e000000| PB 0x000000008e000000| Complete 
| 225|0x000000008e100000, 0x000000008e200000, 0x000000008e200000|100%| S|CS|TAMS 0x000000008e100000| PB 0x000000008e100000| Complete 
| 226|0x000000008e200000, 0x000000008e300000, 0x000000008e300000|100%| S|CS|TAMS 0x000000008e200000| PB 0x000000008e200000| Complete 
| 227|0x000000008e300000, 0x000000008e400000, 0x000000008e400000|100%| S|CS|TAMS 0x000000008e300000| PB 0x000000008e300000| Complete 
| 228|0x000000008e400000, 0x000000008e500000, 0x000000008e500000|100%| S|CS|TAMS 0x000000008e400000| PB 0x000000008e400000| Complete 
| 229|0x000000008e500000, 0x000000008e600000, 0x000000008e600000|100%| S|CS|TAMS 0x000000008e500000| PB 0x000000008e500000| Complete 
| 230|0x000000008e600000, 0x000000008e700000, 0x000000008e700000|100%| S|CS|TAMS 0x000000008e600000| PB 0x000000008e600000| Complete 
| 231|0x000000008e700000, 0x000000008e800000, 0x000000008e800000|100%| S|CS|TAMS 0x000000008e700000| PB 0x000000008e700000| Complete 
| 232|0x000000008e800000, 0x000000008e900000, 0x000000008e900000|100%| S|CS|TAMS 0x000000008e800000| PB 0x000000008e800000| Complete 
| 233|0x000000008e900000, 0x000000008ea00000, 0x000000008ea00000|100%| S|CS|TAMS 0x000000008e900000| PB 0x000000008e900000| Complete 
| 234|0x000000008ea00000, 0x000000008eb00000, 0x000000008eb00000|100%| S|CS|TAMS 0x000000008ea00000| PB 0x000000008ea00000| Complete 
| 235|0x000000008eb00000, 0x000000008ec00000, 0x000000008ec00000|100%| S|CS|TAMS 0x000000008eb00000| PB 0x000000008eb00000| Complete 
| 236|0x000000008ec00000, 0x000000008ed00000, 0x000000008ed00000|100%| S|CS|TAMS 0x000000008ec00000| PB 0x000000008ec00000| Complete 
| 237|0x000000008ed00000, 0x000000008ee00000, 0x000000008ee00000|100%| O|  |TAMS 0x000000008ee00000| PB 0x000000008ed00000| Untracked 
| 238|0x000000008ee00000, 0x000000008ef00000, 0x000000008ef00000|100%| O|  |TAMS 0x000000008ef00000| PB 0x000000008ee00000| Untracked 
| 239|0x000000008ef00000, 0x000000008f000000, 0x000000008f000000|100%| O|  |TAMS 0x000000008f000000| PB 0x000000008ef00000| Untracked 
| 240|0x000000008f000000, 0x000000008f100000, 0x000000008f100000|100%| O|  |TAMS 0x000000008f100000| PB 0x000000008f000000| Untracked 
| 241|0x000000008f100000, 0x000000008f200000, 0x000000008f200000|100%| O|  |TAMS 0x000000008f200000| PB 0x000000008f100000| Untracked 
| 242|0x000000008f200000, 0x000000008f300000, 0x000000008f300000|100%| O|  |TAMS 0x000000008f300000| PB 0x000000008f200000| Untracked 
| 243|0x000000008f300000, 0x000000008f400000, 0x000000008f400000|100%| O|  |TAMS 0x000000008f400000| PB 0x000000008f300000| Untracked 
| 244|0x000000008f400000, 0x000000008f500000, 0x000000008f500000|100%| O|  |TAMS 0x000000008f500000| PB 0x000000008f400000| Untracked 
| 245|0x000000008f500000, 0x000000008f600000, 0x000000008f600000|100%| O|  |TAMS 0x000000008f600000| PB 0x000000008f500000| Untracked 
| 246|0x000000008f600000, 0x000000008f700000, 0x000000008f700000|100%| O|  |TAMS 0x000000008f700000| PB 0x000000008f600000| Untracked 
| 247|0x000000008f700000, 0x000000008f800000, 0x000000008f800000|100%| O|  |TAMS 0x000000008f800000| PB 0x000000008f700000| Untracked 
| 248|0x000000008f800000, 0x000000008f900000, 0x000000008f900000|100%| O|  |TAMS 0x000000008f900000| PB 0x000000008f800000| Untracked 
| 249|0x000000008f900000, 0x000000008fa00000, 0x000000008fa00000|100%| O|  |TAMS 0x000000008fa00000| PB 0x000000008f900000| Untracked 
| 250|0x000000008fa00000, 0x000000008fb00000, 0x000000008fb00000|100%| O|  |TAMS 0x000000008fb00000| PB 0x000000008fa00000| Untracked 
| 251|0x000000008fb00000, 0x000000008fc00000, 0x000000008fc00000|100%| O|  |TAMS 0x000000008fc00000| PB 0x000000008fb00000| Untracked 
| 252|0x000000008fc00000, 0x000000008fd00000, 0x000000008fd00000|100%| O|  |TAMS 0x000000008fd00000| PB 0x000000008fc00000| Untracked 
| 253|0x000000008fd00000, 0x000000008fe00000, 0x000000008fe00000|100%| O|  |TAMS 0x000000008fe00000| PB 0x000000008fd00000| Untracked 
| 254|0x000000008fe00000, 0x000000008ff00000, 0x000000008ff00000|100%| O|  |TAMS 0x000000008ff00000| PB 0x000000008fe00000| Untracked 
| 255|0x000000008ff00000, 0x0000000090000000, 0x0000000090000000|100%| O|  |TAMS 0x0000000090000000| PB 0x000000008ff00000| Untracked 
| 256|0x0000000090000000, 0x0000000090100000, 0x0000000090100000|100%| O|  |TAMS 0x0000000090100000| PB 0x0000000090000000| Untracked 
| 257|0x0000000090100000, 0x0000000090100000, 0x0000000090200000|  0%| F|  |TAMS 0x0000000090100000| PB 0x0000000090100000| Untracked 
| 258|0x0000000090200000, 0x0000000090200000, 0x0000000090300000|  0%| F|  |TAMS 0x0000000090200000| PB 0x0000000090200000| Untracked 
| 259|0x0000000090300000, 0x0000000090300000, 0x0000000090400000|  0%| F|  |TAMS 0x0000000090300000| PB 0x0000000090300000| Untracked 
| 260|0x0000000090400000, 0x0000000090400000, 0x0000000090500000|  0%| F|  |TAMS 0x0000000090400000| PB 0x0000000090400000| Untracked 
| 261|0x0000000090500000, 0x0000000090500000, 0x0000000090600000|  0%| F|  |TAMS 0x0000000090500000| PB 0x0000000090500000| Untracked 
| 262|0x0000000090600000, 0x0000000090600000, 0x0000000090700000|  0%| F|  |TAMS 0x0000000090600000| PB 0x0000000090600000| Untracked 
| 263|0x0000000090700000, 0x0000000090800000, 0x0000000090800000|100%| S|CS|TAMS 0x0000000090700000| PB 0x0000000090700000| Complete 
| 264|0x0000000090800000, 0x0000000090900000, 0x0000000090900000|100%| S|CS|TAMS 0x0000000090800000| PB 0x0000000090800000| Complete 
| 265|0x0000000090900000, 0x0000000090a00000, 0x0000000090a00000|100%| S|CS|TAMS 0x0000000090900000| PB 0x0000000090900000| Complete 
| 266|0x0000000090a00000, 0x0000000090b00000, 0x0000000090b00000|100%| S|CS|TAMS 0x0000000090a00000| PB 0x0000000090a00000| Complete 
| 267|0x0000000090b00000, 0x0000000090c00000, 0x0000000090c00000|100%| S|CS|TAMS 0x0000000090b00000| PB 0x0000000090b00000| Complete 
| 268|0x0000000090c00000, 0x0000000090c00000, 0x0000000090d00000|  0%| F|  |TAMS 0x0000000090c00000| PB 0x0000000090c00000| Untracked 
| 269|0x0000000090d00000, 0x0000000090d00000, 0x0000000090e00000|  0%| F|  |TAMS 0x0000000090d00000| PB 0x0000000090d00000| Untracked 
| 270|0x0000000090e00000, 0x0000000090e00000, 0x0000000090f00000|  0%| F|  |TAMS 0x0000000090e00000| PB 0x0000000090e00000| Untracked 
| 271|0x0000000090f00000, 0x0000000090f00000, 0x0000000091000000|  0%| F|  |TAMS 0x0000000090f00000| PB 0x0000000090f00000| Untracked 
| 272|0x0000000091000000, 0x0000000091000000, 0x0000000091100000|  0%| F|  |TAMS 0x0000000091000000| PB 0x0000000091000000| Untracked 
| 273|0x0000000091100000, 0x0000000091100000, 0x0000000091200000|  0%| F|  |TAMS 0x0000000091100000| PB 0x0000000091100000| Untracked 
| 274|0x0000000091200000, 0x0000000091200000, 0x0000000091300000|  0%| F|  |TAMS 0x0000000091200000| PB 0x0000000091200000| Untracked 
| 275|0x0000000091300000, 0x0000000091300000, 0x0000000091400000|  0%| F|  |TAMS 0x0000000091300000| PB 0x0000000091300000| Untracked 
| 276|0x0000000091400000, 0x0000000091400000, 0x0000000091500000|  0%| F|  |TAMS 0x0000000091400000| PB 0x0000000091400000| Untracked 
| 277|0x0000000091500000, 0x0000000091500000, 0x0000000091600000|  0%| F|  |TAMS 0x0000000091500000| PB 0x0000000091500000| Untracked 
| 278|0x0000000091600000, 0x0000000091600000, 0x0000000091700000|  0%| F|  |TAMS 0x0000000091600000| PB 0x0000000091600000| Untracked 
| 279|0x0000000091700000, 0x0000000091700000, 0x0000000091800000|  0%| F|  |TAMS 0x0000000091700000| PB 0x0000000091700000| Untracked 
| 280|0x0000000091800000, 0x0000000091800000, 0x0000000091900000|  0%| F|  |TAMS 0x0000000091800000| PB 0x0000000091800000| Untracked 
| 281|0x0000000091900000, 0x0000000091900000, 0x0000000091a00000|  0%| F|  |TAMS 0x0000000091900000| PB 0x0000000091900000| Untracked 
| 282|0x0000000091a00000, 0x0000000091a00000, 0x0000000091b00000|  0%| F|  |TAMS 0x0000000091a00000| PB 0x0000000091a00000| Untracked 
| 283|0x0000000091b00000, 0x0000000091b00000, 0x0000000091c00000|  0%| F|  |TAMS 0x0000000091b00000| PB 0x0000000091b00000| Untracked 
| 284|0x0000000091c00000, 0x0000000091c00000, 0x0000000091d00000|  0%| F|  |TAMS 0x0000000091c00000| PB 0x0000000091c00000| Untracked 
| 285|0x0000000091d00000, 0x0000000091d00000, 0x0000000091e00000|  0%| F|  |TAMS 0x0000000091d00000| PB 0x0000000091d00000| Untracked 
| 286|0x0000000091e00000, 0x0000000091e00000, 0x0000000091f00000|  0%| F|  |TAMS 0x0000000091e00000| PB 0x0000000091e00000| Untracked 
| 287|0x0000000091f00000, 0x0000000091f00000, 0x0000000092000000|  0%| F|  |TAMS 0x0000000091f00000| PB 0x0000000091f00000| Untracked 
| 288|0x0000000092000000, 0x0000000092000000, 0x0000000092100000|  0%| F|  |TAMS 0x0000000092000000| PB 0x0000000092000000| Untracked 
| 289|0x0000000092100000, 0x0000000092100000, 0x0000000092200000|  0%| F|  |TAMS 0x0000000092100000| PB 0x0000000092100000| Untracked 
| 290|0x0000000092200000, 0x0000000092200000, 0x0000000092300000|  0%| F|  |TAMS 0x0000000092200000| PB 0x0000000092200000| Untracked 
| 291|0x0000000092300000, 0x0000000092300000, 0x0000000092400000|  0%| F|  |TAMS 0x0000000092300000| PB 0x0000000092300000| Untracked 
| 292|0x0000000092400000, 0x0000000092400000, 0x0000000092500000|  0%| F|  |TAMS 0x0000000092400000| PB 0x0000000092400000| Untracked 
| 293|0x0000000092500000, 0x0000000092500000, 0x0000000092600000|  0%| F|  |TAMS 0x0000000092500000| PB 0x0000000092500000| Untracked 
| 294|0x0000000092600000, 0x0000000092600000, 0x0000000092700000|  0%| F|  |TAMS 0x0000000092600000| PB 0x0000000092600000| Untracked 
| 295|0x0000000092700000, 0x0000000092700000, 0x0000000092800000|  0%| F|  |TAMS 0x0000000092700000| PB 0x0000000092700000| Untracked 
| 296|0x0000000092800000, 0x0000000092800000, 0x0000000092900000|  0%| F|  |TAMS 0x0000000092800000| PB 0x0000000092800000| Untracked 
| 297|0x0000000092900000, 0x0000000092900000, 0x0000000092a00000|  0%| F|  |TAMS 0x0000000092900000| PB 0x0000000092900000| Untracked 
| 298|0x0000000092a00000, 0x0000000092a00000, 0x0000000092b00000|  0%| F|  |TAMS 0x0000000092a00000| PB 0x0000000092a00000| Untracked 
| 299|0x0000000092b00000, 0x0000000092b00000, 0x0000000092c00000|  0%| F|  |TAMS 0x0000000092b00000| PB 0x0000000092b00000| Untracked 
| 300|0x0000000092c00000, 0x0000000092c00000, 0x0000000092d00000|  0%| F|  |TAMS 0x0000000092c00000| PB 0x0000000092c00000| Untracked 
| 301|0x0000000092d00000, 0x0000000092d00000, 0x0000000092e00000|  0%| F|  |TAMS 0x0000000092d00000| PB 0x0000000092d00000| Untracked 
| 302|0x0000000092e00000, 0x0000000092e00000, 0x0000000092f00000|  0%| F|  |TAMS 0x0000000092e00000| PB 0x0000000092e00000| Untracked 
| 303|0x0000000092f00000, 0x0000000092f00000, 0x0000000093000000|  0%| F|  |TAMS 0x0000000092f00000| PB 0x0000000092f00000| Untracked 
| 304|0x0000000093000000, 0x0000000093000000, 0x0000000093100000|  0%| F|  |TAMS 0x0000000093000000| PB 0x0000000093000000| Untracked 
| 305|0x0000000093100000, 0x0000000093100000, 0x0000000093200000|  0%| F|  |TAMS 0x0000000093100000| PB 0x0000000093100000| Untracked 
| 306|0x0000000093200000, 0x0000000093200000, 0x0000000093300000|  0%| F|  |TAMS 0x0000000093200000| PB 0x0000000093200000| Untracked 
| 307|0x0000000093300000, 0x0000000093300000, 0x0000000093400000|  0%| F|  |TAMS 0x0000000093300000| PB 0x0000000093300000| Untracked 
| 308|0x0000000093400000, 0x0000000093400000, 0x0000000093500000|  0%| F|  |TAMS 0x0000000093400000| PB 0x0000000093400000| Untracked 
| 309|0x0000000093500000, 0x0000000093500000, 0x0000000093600000|  0%| F|  |TAMS 0x0000000093500000| PB 0x0000000093500000| Untracked 
| 310|0x0000000093600000, 0x0000000093600000, 0x0000000093700000|  0%| F|  |TAMS 0x0000000093600000| PB 0x0000000093600000| Untracked 
| 311|0x0000000093700000, 0x0000000093700000, 0x0000000093800000|  0%| F|  |TAMS 0x0000000093700000| PB 0x0000000093700000| Untracked 
| 312|0x0000000093800000, 0x0000000093800000, 0x0000000093900000|  0%| F|  |TAMS 0x0000000093800000| PB 0x0000000093800000| Untracked 
| 313|0x0000000093900000, 0x0000000093900000, 0x0000000093a00000|  0%| F|  |TAMS 0x0000000093900000| PB 0x0000000093900000| Untracked 
| 314|0x0000000093a00000, 0x0000000093a00000, 0x0000000093b00000|  0%| F|  |TAMS 0x0000000093a00000| PB 0x0000000093a00000| Untracked 
| 315|0x0000000093b00000, 0x0000000093b00000, 0x0000000093c00000|  0%| F|  |TAMS 0x0000000093b00000| PB 0x0000000093b00000| Untracked 
| 316|0x0000000093c00000, 0x0000000093c00000, 0x0000000093d00000|  0%| F|  |TAMS 0x0000000093c00000| PB 0x0000000093c00000| Untracked 
| 317|0x0000000093d00000, 0x0000000093d00000, 0x0000000093e00000|  0%| F|  |TAMS 0x0000000093d00000| PB 0x0000000093d00000| Untracked 
| 318|0x0000000093e00000, 0x0000000093e00000, 0x0000000093f00000|  0%| F|  |TAMS 0x0000000093e00000| PB 0x0000000093e00000| Untracked 
| 319|0x0000000093f00000, 0x0000000093f00000, 0x0000000094000000|  0%| F|  |TAMS 0x0000000093f00000| PB 0x0000000093f00000| Untracked 
| 320|0x0000000094000000, 0x0000000094000000, 0x0000000094100000|  0%| F|  |TAMS 0x0000000094000000| PB 0x0000000094000000| Untracked 
| 321|0x0000000094100000, 0x0000000094100000, 0x0000000094200000|  0%| F|  |TAMS 0x0000000094100000| PB 0x0000000094100000| Untracked 
| 322|0x0000000094200000, 0x0000000094200000, 0x0000000094300000|  0%| F|  |TAMS 0x0000000094200000| PB 0x0000000094200000| Untracked 
| 323|0x0000000094300000, 0x0000000094300000, 0x0000000094400000|  0%| F|  |TAMS 0x0000000094300000| PB 0x0000000094300000| Untracked 
| 324|0x0000000094400000, 0x0000000094400000, 0x0000000094500000|  0%| F|  |TAMS 0x0000000094400000| PB 0x0000000094400000| Untracked 
| 325|0x0000000094500000, 0x0000000094500000, 0x0000000094600000|  0%| F|  |TAMS 0x0000000094500000| PB 0x0000000094500000| Untracked 
| 326|0x0000000094600000, 0x0000000094600000, 0x0000000094700000|  0%| F|  |TAMS 0x0000000094600000| PB 0x0000000094600000| Untracked 
| 327|0x0000000094700000, 0x0000000094700000, 0x0000000094800000|  0%| F|  |TAMS 0x0000000094700000| PB 0x0000000094700000| Untracked 
| 328|0x0000000094800000, 0x0000000094800000, 0x0000000094900000|  0%| F|  |TAMS 0x0000000094800000| PB 0x0000000094800000| Untracked 
| 329|0x0000000094900000, 0x0000000094900000, 0x0000000094a00000|  0%| F|  |TAMS 0x0000000094900000| PB 0x0000000094900000| Untracked 
| 330|0x0000000094a00000, 0x0000000094a00000, 0x0000000094b00000|  0%| F|  |TAMS 0x0000000094a00000| PB 0x0000000094a00000| Untracked 
| 331|0x0000000094b00000, 0x0000000094b00000, 0x0000000094c00000|  0%| F|  |TAMS 0x0000000094b00000| PB 0x0000000094b00000| Untracked 
| 332|0x0000000094c00000, 0x0000000094c00000, 0x0000000094d00000|  0%| F|  |TAMS 0x0000000094c00000| PB 0x0000000094c00000| Untracked 
| 333|0x0000000094d00000, 0x0000000094d00000, 0x0000000094e00000|  0%| F|  |TAMS 0x0000000094d00000| PB 0x0000000094d00000| Untracked 
| 334|0x0000000094e00000, 0x0000000094e00000, 0x0000000094f00000|  0%| F|  |TAMS 0x0000000094e00000| PB 0x0000000094e00000| Untracked 
| 335|0x0000000094f00000, 0x0000000094f00000, 0x0000000095000000|  0%| F|  |TAMS 0x0000000094f00000| PB 0x0000000094f00000| Untracked 
| 336|0x0000000095000000, 0x0000000095000000, 0x0000000095100000|  0%| F|  |TAMS 0x0000000095000000| PB 0x0000000095000000| Untracked 
| 337|0x0000000095100000, 0x0000000095100000, 0x0000000095200000|  0%| F|  |TAMS 0x0000000095100000| PB 0x0000000095100000| Untracked 
| 338|0x0000000095200000, 0x0000000095200000, 0x0000000095300000|  0%| F|  |TAMS 0x0000000095200000| PB 0x0000000095200000| Untracked 
| 339|0x0000000095300000, 0x0000000095300000, 0x0000000095400000|  0%| F|  |TAMS 0x0000000095300000| PB 0x0000000095300000| Untracked 
| 340|0x0000000095400000, 0x0000000095400000, 0x0000000095500000|  0%| F|  |TAMS 0x0000000095400000| PB 0x0000000095400000| Untracked 
| 341|0x0000000095500000, 0x0000000095500000, 0x0000000095600000|  0%| F|  |TAMS 0x0000000095500000| PB 0x0000000095500000| Untracked 
| 342|0x0000000095600000, 0x0000000095600000, 0x0000000095700000|  0%| F|  |TAMS 0x0000000095600000| PB 0x0000000095600000| Untracked 
| 343|0x0000000095700000, 0x0000000095700000, 0x0000000095800000|  0%| F|  |TAMS 0x0000000095700000| PB 0x0000000095700000| Untracked 
| 344|0x0000000095800000, 0x0000000095800000, 0x0000000095900000|  0%| F|  |TAMS 0x0000000095800000| PB 0x0000000095800000| Untracked 
| 345|0x0000000095900000, 0x0000000095900000, 0x0000000095a00000|  0%| F|  |TAMS 0x0000000095900000| PB 0x0000000095900000| Untracked 
| 346|0x0000000095a00000, 0x0000000095a00000, 0x0000000095b00000|  0%| F|  |TAMS 0x0000000095a00000| PB 0x0000000095a00000| Untracked 
| 347|0x0000000095b00000, 0x0000000095b00000, 0x0000000095c00000|  0%| F|  |TAMS 0x0000000095b00000| PB 0x0000000095b00000| Untracked 
| 348|0x0000000095c00000, 0x0000000095c00000, 0x0000000095d00000|  0%| F|  |TAMS 0x0000000095c00000| PB 0x0000000095c00000| Untracked 
| 349|0x0000000095d00000, 0x0000000095d00000, 0x0000000095e00000|  0%| F|  |TAMS 0x0000000095d00000| PB 0x0000000095d00000| Untracked 
| 350|0x0000000095e00000, 0x0000000095e00000, 0x0000000095f00000|  0%| F|  |TAMS 0x0000000095e00000| PB 0x0000000095e00000| Untracked 
| 351|0x0000000095f00000, 0x0000000095f00000, 0x0000000096000000|  0%| F|  |TAMS 0x0000000095f00000| PB 0x0000000095f00000| Untracked 
| 352|0x0000000096000000, 0x0000000096000000, 0x0000000096100000|  0%| F|  |TAMS 0x0000000096000000| PB 0x0000000096000000| Untracked 
| 353|0x0000000096100000, 0x0000000096100000, 0x0000000096200000|  0%| F|  |TAMS 0x0000000096100000| PB 0x0000000096100000| Untracked 
| 354|0x0000000096200000, 0x0000000096200000, 0x0000000096300000|  0%| F|  |TAMS 0x0000000096200000| PB 0x0000000096200000| Untracked 
| 355|0x0000000096300000, 0x0000000096300000, 0x0000000096400000|  0%| F|  |TAMS 0x0000000096300000| PB 0x0000000096300000| Untracked 
| 356|0x0000000096400000, 0x0000000096400000, 0x0000000096500000|  0%| F|  |TAMS 0x0000000096400000| PB 0x0000000096400000| Untracked 
| 357|0x0000000096500000, 0x0000000096500000, 0x0000000096600000|  0%| F|  |TAMS 0x0000000096500000| PB 0x0000000096500000| Untracked 
| 358|0x0000000096600000, 0x0000000096600000, 0x0000000096700000|  0%| F|  |TAMS 0x0000000096600000| PB 0x0000000096600000| Untracked 
| 359|0x0000000096700000, 0x0000000096700000, 0x0000000096800000|  0%| F|  |TAMS 0x0000000096700000| PB 0x0000000096700000| Untracked 
| 360|0x0000000096800000, 0x0000000096800000, 0x0000000096900000|  0%| F|  |TAMS 0x0000000096800000| PB 0x0000000096800000| Untracked 
| 361|0x0000000096900000, 0x0000000096900000, 0x0000000096a00000|  0%| F|  |TAMS 0x0000000096900000| PB 0x0000000096900000| Untracked 
| 362|0x0000000096a00000, 0x0000000096a00000, 0x0000000096b00000|  0%| F|  |TAMS 0x0000000096a00000| PB 0x0000000096a00000| Untracked 
| 363|0x0000000096b00000, 0x0000000096b00000, 0x0000000096c00000|  0%| F|  |TAMS 0x0000000096b00000| PB 0x0000000096b00000| Untracked 
| 364|0x0000000096c00000, 0x0000000096c00000, 0x0000000096d00000|  0%| F|  |TAMS 0x0000000096c00000| PB 0x0000000096c00000| Untracked 
| 365|0x0000000096d00000, 0x0000000096d00000, 0x0000000096e00000|  0%| F|  |TAMS 0x0000000096d00000| PB 0x0000000096d00000| Untracked 
| 366|0x0000000096e00000, 0x0000000096e00000, 0x0000000096f00000|  0%| F|  |TAMS 0x0000000096e00000| PB 0x0000000096e00000| Untracked 
| 367|0x0000000096f00000, 0x0000000096f00000, 0x0000000097000000|  0%| F|  |TAMS 0x0000000096f00000| PB 0x0000000096f00000| Untracked 
| 368|0x0000000097000000, 0x0000000097000000, 0x0000000097100000|  0%| F|  |TAMS 0x0000000097000000| PB 0x0000000097000000| Untracked 
| 369|0x0000000097100000, 0x0000000097100000, 0x0000000097200000|  0%| F|  |TAMS 0x0000000097100000| PB 0x0000000097100000| Untracked 
| 370|0x0000000097200000, 0x0000000097200000, 0x0000000097300000|  0%| F|  |TAMS 0x0000000097200000| PB 0x0000000097200000| Untracked 
| 371|0x0000000097300000, 0x0000000097300000, 0x0000000097400000|  0%| F|  |TAMS 0x0000000097300000| PB 0x0000000097300000| Untracked 
| 372|0x0000000097400000, 0x0000000097400000, 0x0000000097500000|  0%| F|  |TAMS 0x0000000097400000| PB 0x0000000097400000| Untracked 
| 373|0x0000000097500000, 0x0000000097500000, 0x0000000097600000|  0%| F|  |TAMS 0x0000000097500000| PB 0x0000000097500000| Untracked 
| 374|0x0000000097600000, 0x0000000097600000, 0x0000000097700000|  0%| F|  |TAMS 0x0000000097600000| PB 0x0000000097600000| Untracked 
| 375|0x0000000097700000, 0x0000000097700000, 0x0000000097800000|  0%| F|  |TAMS 0x0000000097700000| PB 0x0000000097700000| Untracked 
| 376|0x0000000097800000, 0x0000000097800000, 0x0000000097900000|  0%| F|  |TAMS 0x0000000097800000| PB 0x0000000097800000| Untracked 
| 377|0x0000000097900000, 0x0000000097900000, 0x0000000097a00000|  0%| F|  |TAMS 0x0000000097900000| PB 0x0000000097900000| Untracked 
| 378|0x0000000097a00000, 0x0000000097a00000, 0x0000000097b00000|  0%| F|  |TAMS 0x0000000097a00000| PB 0x0000000097a00000| Untracked 
| 379|0x0000000097b00000, 0x0000000097b00000, 0x0000000097c00000|  0%| F|  |TAMS 0x0000000097b00000| PB 0x0000000097b00000| Untracked 
| 380|0x0000000097c00000, 0x0000000097c00000, 0x0000000097d00000|  0%| F|  |TAMS 0x0000000097c00000| PB 0x0000000097c00000| Untracked 
| 381|0x0000000097d00000, 0x0000000097d00000, 0x0000000097e00000|  0%| F|  |TAMS 0x0000000097d00000| PB 0x0000000097d00000| Untracked 
| 382|0x0000000097e00000, 0x0000000097e00000, 0x0000000097f00000|  0%| F|  |TAMS 0x0000000097e00000| PB 0x0000000097e00000| Untracked 
| 383|0x0000000097f00000, 0x0000000097f00000, 0x0000000098000000|  0%| F|  |TAMS 0x0000000097f00000| PB 0x0000000097f00000| Untracked 
| 384|0x0000000098000000, 0x0000000098000000, 0x0000000098100000|  0%| F|  |TAMS 0x0000000098000000| PB 0x0000000098000000| Untracked 
| 385|0x0000000098100000, 0x0000000098100000, 0x0000000098200000|  0%| F|  |TAMS 0x0000000098100000| PB 0x0000000098100000| Untracked 
| 386|0x0000000098200000, 0x0000000098200000, 0x0000000098300000|  0%| F|  |TAMS 0x0000000098200000| PB 0x0000000098200000| Untracked 
| 387|0x0000000098300000, 0x0000000098300000, 0x0000000098400000|  0%| F|  |TAMS 0x0000000098300000| PB 0x0000000098300000| Untracked 
| 388|0x0000000098400000, 0x0000000098400000, 0x0000000098500000|  0%| F|  |TAMS 0x0000000098400000| PB 0x0000000098400000| Untracked 
| 389|0x0000000098500000, 0x0000000098500000, 0x0000000098600000|  0%| F|  |TAMS 0x0000000098500000| PB 0x0000000098500000| Untracked 
| 390|0x0000000098600000, 0x0000000098600000, 0x0000000098700000|  0%| F|  |TAMS 0x0000000098600000| PB 0x0000000098600000| Untracked 
| 391|0x0000000098700000, 0x0000000098700000, 0x0000000098800000|  0%| F|  |TAMS 0x0000000098700000| PB 0x0000000098700000| Untracked 
| 392|0x0000000098800000, 0x0000000098800000, 0x0000000098900000|  0%| F|  |TAMS 0x0000000098800000| PB 0x0000000098800000| Untracked 
| 393|0x0000000098900000, 0x0000000098900000, 0x0000000098a00000|  0%| F|  |TAMS 0x0000000098900000| PB 0x0000000098900000| Untracked 
| 394|0x0000000098a00000, 0x0000000098a00000, 0x0000000098b00000|  0%| F|  |TAMS 0x0000000098a00000| PB 0x0000000098a00000| Untracked 
| 395|0x0000000098b00000, 0x0000000098b00000, 0x0000000098c00000|  0%| F|  |TAMS 0x0000000098b00000| PB 0x0000000098b00000| Untracked 
| 396|0x0000000098c00000, 0x0000000098c00000, 0x0000000098d00000|  0%| F|  |TAMS 0x0000000098c00000| PB 0x0000000098c00000| Untracked 
| 397|0x0000000098d00000, 0x0000000098d00000, 0x0000000098e00000|  0%| F|  |TAMS 0x0000000098d00000| PB 0x0000000098d00000| Untracked 
| 398|0x0000000098e00000, 0x0000000098e00000, 0x0000000098f00000|  0%| F|  |TAMS 0x0000000098e00000| PB 0x0000000098e00000| Untracked 
| 399|0x0000000098f00000, 0x0000000098f00000, 0x0000000099000000|  0%| F|  |TAMS 0x0000000098f00000| PB 0x0000000098f00000| Untracked 
| 400|0x0000000099000000, 0x0000000099000000, 0x0000000099100000|  0%| F|  |TAMS 0x0000000099000000| PB 0x0000000099000000| Untracked 
| 401|0x0000000099100000, 0x0000000099100000, 0x0000000099200000|  0%| F|  |TAMS 0x0000000099100000| PB 0x0000000099100000| Untracked 
| 402|0x0000000099200000, 0x0000000099200000, 0x0000000099300000|  0%| F|  |TAMS 0x0000000099200000| PB 0x0000000099200000| Untracked 
| 403|0x0000000099300000, 0x0000000099300000, 0x0000000099400000|  0%| F|  |TAMS 0x0000000099300000| PB 0x0000000099300000| Untracked 
| 404|0x0000000099400000, 0x0000000099400000, 0x0000000099500000|  0%| F|  |TAMS 0x0000000099400000| PB 0x0000000099400000| Untracked 
| 405|0x0000000099500000, 0x0000000099500000, 0x0000000099600000|  0%| F|  |TAMS 0x0000000099500000| PB 0x0000000099500000| Untracked 
| 406|0x0000000099600000, 0x0000000099600000, 0x0000000099700000|  0%| F|  |TAMS 0x0000000099600000| PB 0x0000000099600000| Untracked 
| 407|0x0000000099700000, 0x0000000099700000, 0x0000000099800000|  0%| F|  |TAMS 0x0000000099700000| PB 0x0000000099700000| Untracked 
| 408|0x0000000099800000, 0x0000000099800000, 0x0000000099900000|  0%| F|  |TAMS 0x0000000099800000| PB 0x0000000099800000| Untracked 
| 409|0x0000000099900000, 0x0000000099900000, 0x0000000099a00000|  0%| F|  |TAMS 0x0000000099900000| PB 0x0000000099900000| Untracked 
| 410|0x0000000099a00000, 0x0000000099a00000, 0x0000000099b00000|  0%| F|  |TAMS 0x0000000099a00000| PB 0x0000000099a00000| Untracked 
| 411|0x0000000099b00000, 0x0000000099b00000, 0x0000000099c00000|  0%| F|  |TAMS 0x0000000099b00000| PB 0x0000000099b00000| Untracked 
| 412|0x0000000099c00000, 0x0000000099c00000, 0x0000000099d00000|  0%| F|  |TAMS 0x0000000099c00000| PB 0x0000000099c00000| Untracked 
| 413|0x0000000099d00000, 0x0000000099d00000, 0x0000000099e00000|  0%| F|  |TAMS 0x0000000099d00000| PB 0x0000000099d00000| Untracked 
| 414|0x0000000099e00000, 0x0000000099e00000, 0x0000000099f00000|  0%| F|  |TAMS 0x0000000099e00000| PB 0x0000000099e00000| Untracked 
| 415|0x0000000099f00000, 0x0000000099f00000, 0x000000009a000000|  0%| F|  |TAMS 0x0000000099f00000| PB 0x0000000099f00000| Untracked 
| 416|0x000000009a000000, 0x000000009a000000, 0x000000009a100000|  0%| F|  |TAMS 0x000000009a000000| PB 0x000000009a000000| Untracked 
| 417|0x000000009a100000, 0x000000009a100000, 0x000000009a200000|  0%| F|  |TAMS 0x000000009a100000| PB 0x000000009a100000| Untracked 
| 418|0x000000009a200000, 0x000000009a200000, 0x000000009a300000|  0%| F|  |TAMS 0x000000009a200000| PB 0x000000009a200000| Untracked 
| 419|0x000000009a300000, 0x000000009a300000, 0x000000009a400000|  0%| F|  |TAMS 0x000000009a300000| PB 0x000000009a300000| Untracked 
| 420|0x000000009a400000, 0x000000009a400000, 0x000000009a500000|  0%| F|  |TAMS 0x000000009a400000| PB 0x000000009a400000| Untracked 
| 421|0x000000009a500000, 0x000000009a500000, 0x000000009a600000|  0%| F|  |TAMS 0x000000009a500000| PB 0x000000009a500000| Untracked 
| 422|0x000000009a600000, 0x000000009a600000, 0x000000009a700000|  0%| F|  |TAMS 0x000000009a600000| PB 0x000000009a600000| Untracked 
| 423|0x000000009a700000, 0x000000009a700000, 0x000000009a800000|  0%| F|  |TAMS 0x000000009a700000| PB 0x000000009a700000| Untracked 
| 424|0x000000009a800000, 0x000000009a800000, 0x000000009a900000|  0%| F|  |TAMS 0x000000009a800000| PB 0x000000009a800000| Untracked 
| 425|0x000000009a900000, 0x000000009a900000, 0x000000009aa00000|  0%| F|  |TAMS 0x000000009a900000| PB 0x000000009a900000| Untracked 
| 426|0x000000009aa00000, 0x000000009aa00000, 0x000000009ab00000|  0%| F|  |TAMS 0x000000009aa00000| PB 0x000000009aa00000| Untracked 
| 427|0x000000009ab00000, 0x000000009ab00000, 0x000000009ac00000|  0%| F|  |TAMS 0x000000009ab00000| PB 0x000000009ab00000| Untracked 
| 428|0x000000009ac00000, 0x000000009ac00000, 0x000000009ad00000|  0%| F|  |TAMS 0x000000009ac00000| PB 0x000000009ac00000| Untracked 
| 429|0x000000009ad00000, 0x000000009ad00000, 0x000000009ae00000|  0%| F|  |TAMS 0x000000009ad00000| PB 0x000000009ad00000| Untracked 
| 430|0x000000009ae00000, 0x000000009ae00000, 0x000000009af00000|  0%| F|  |TAMS 0x000000009ae00000| PB 0x000000009ae00000| Untracked 
| 431|0x000000009af00000, 0x000000009af00000, 0x000000009b000000|  0%| F|  |TAMS 0x000000009af00000| PB 0x000000009af00000| Untracked 
| 432|0x000000009b000000, 0x000000009b000000, 0x000000009b100000|  0%| F|  |TAMS 0x000000009b000000| PB 0x000000009b000000| Untracked 
| 433|0x000000009b100000, 0x000000009b100000, 0x000000009b200000|  0%| F|  |TAMS 0x000000009b100000| PB 0x000000009b100000| Untracked 
| 434|0x000000009b200000, 0x000000009b200000, 0x000000009b300000|  0%| F|  |TAMS 0x000000009b200000| PB 0x000000009b200000| Untracked 
| 435|0x000000009b300000, 0x000000009b300000, 0x000000009b400000|  0%| F|  |TAMS 0x000000009b300000| PB 0x000000009b300000| Untracked 
| 436|0x000000009b400000, 0x000000009b400000, 0x000000009b500000|  0%| F|  |TAMS 0x000000009b400000| PB 0x000000009b400000| Untracked 
| 437|0x000000009b500000, 0x000000009b500000, 0x000000009b600000|  0%| F|  |TAMS 0x000000009b500000| PB 0x000000009b500000| Untracked 
| 438|0x000000009b600000, 0x000000009b600000, 0x000000009b700000|  0%| F|  |TAMS 0x000000009b600000| PB 0x000000009b600000| Untracked 
| 439|0x000000009b700000, 0x000000009b700000, 0x000000009b800000|  0%| F|  |TAMS 0x000000009b700000| PB 0x000000009b700000| Untracked 
| 440|0x000000009b800000, 0x000000009b800000, 0x000000009b900000|  0%| F|  |TAMS 0x000000009b800000| PB 0x000000009b800000| Untracked 
| 441|0x000000009b900000, 0x000000009b900000, 0x000000009ba00000|  0%| F|  |TAMS 0x000000009b900000| PB 0x000000009b900000| Untracked 
| 442|0x000000009ba00000, 0x000000009ba00000, 0x000000009bb00000|  0%| F|  |TAMS 0x000000009ba00000| PB 0x000000009ba00000| Untracked 
| 443|0x000000009bb00000, 0x000000009bb00000, 0x000000009bc00000|  0%| F|  |TAMS 0x000000009bb00000| PB 0x000000009bb00000| Untracked 
| 444|0x000000009bc00000, 0x000000009bc00000, 0x000000009bd00000|  0%| F|  |TAMS 0x000000009bc00000| PB 0x000000009bc00000| Untracked 
| 445|0x000000009bd00000, 0x000000009bd00000, 0x000000009be00000|  0%| F|  |TAMS 0x000000009bd00000| PB 0x000000009bd00000| Untracked 
| 446|0x000000009be00000, 0x000000009be00000, 0x000000009bf00000|  0%| F|  |TAMS 0x000000009be00000| PB 0x000000009be00000| Untracked 
| 447|0x000000009bf00000, 0x000000009bf00000, 0x000000009c000000|  0%| F|  |TAMS 0x000000009bf00000| PB 0x000000009bf00000| Untracked 
| 448|0x000000009c000000, 0x000000009c000000, 0x000000009c100000|  0%| F|  |TAMS 0x000000009c000000| PB 0x000000009c000000| Untracked 
| 449|0x000000009c100000, 0x000000009c100000, 0x000000009c200000|  0%| F|  |TAMS 0x000000009c100000| PB 0x000000009c100000| Untracked 
| 450|0x000000009c200000, 0x000000009c200000, 0x000000009c300000|  0%| F|  |TAMS 0x000000009c200000| PB 0x000000009c200000| Untracked 
| 451|0x000000009c300000, 0x000000009c300000, 0x000000009c400000|  0%| F|  |TAMS 0x000000009c300000| PB 0x000000009c300000| Untracked 
| 452|0x000000009c400000, 0x000000009c400000, 0x000000009c500000|  0%| F|  |TAMS 0x000000009c400000| PB 0x000000009c400000| Untracked 
| 453|0x000000009c500000, 0x000000009c500000, 0x000000009c600000|  0%| F|  |TAMS 0x000000009c500000| PB 0x000000009c500000| Untracked 
| 454|0x000000009c600000, 0x000000009c600000, 0x000000009c700000|  0%| F|  |TAMS 0x000000009c600000| PB 0x000000009c600000| Untracked 
| 455|0x000000009c700000, 0x000000009c700000, 0x000000009c800000|  0%| F|  |TAMS 0x000000009c700000| PB 0x000000009c700000| Untracked 
| 456|0x000000009c800000, 0x000000009c800000, 0x000000009c900000|  0%| F|  |TAMS 0x000000009c800000| PB 0x000000009c800000| Untracked 
| 457|0x000000009c900000, 0x000000009c900000, 0x000000009ca00000|  0%| F|  |TAMS 0x000000009c900000| PB 0x000000009c900000| Untracked 
| 458|0x000000009ca00000, 0x000000009ca00000, 0x000000009cb00000|  0%| F|  |TAMS 0x000000009ca00000| PB 0x000000009ca00000| Untracked 
| 459|0x000000009cb00000, 0x000000009cb00000, 0x000000009cc00000|  0%| F|  |TAMS 0x000000009cb00000| PB 0x000000009cb00000| Untracked 
| 460|0x000000009cc00000, 0x000000009cc00000, 0x000000009cd00000|  0%| F|  |TAMS 0x000000009cc00000| PB 0x000000009cc00000| Untracked 
| 461|0x000000009cd00000, 0x000000009cd00000, 0x000000009ce00000|  0%| F|  |TAMS 0x000000009cd00000| PB 0x000000009cd00000| Untracked 
| 462|0x000000009ce00000, 0x000000009ce00000, 0x000000009cf00000|  0%| F|  |TAMS 0x000000009ce00000| PB 0x000000009ce00000| Untracked 
| 463|0x000000009cf00000, 0x000000009cf00000, 0x000000009d000000|  0%| F|  |TAMS 0x000000009cf00000| PB 0x000000009cf00000| Untracked 
| 464|0x000000009d000000, 0x000000009d000000, 0x000000009d100000|  0%| F|  |TAMS 0x000000009d000000| PB 0x000000009d000000| Untracked 
| 465|0x000000009d100000, 0x000000009d100000, 0x000000009d200000|  0%| F|  |TAMS 0x000000009d100000| PB 0x000000009d100000| Untracked 
| 466|0x000000009d200000, 0x000000009d200000, 0x000000009d300000|  0%| F|  |TAMS 0x000000009d200000| PB 0x000000009d200000| Untracked 
| 467|0x000000009d300000, 0x000000009d300000, 0x000000009d400000|  0%| F|  |TAMS 0x000000009d300000| PB 0x000000009d300000| Untracked 
| 468|0x000000009d400000, 0x000000009d400000, 0x000000009d500000|  0%| F|  |TAMS 0x000000009d400000| PB 0x000000009d400000| Untracked 
| 469|0x000000009d500000, 0x000000009d500000, 0x000000009d600000|  0%| F|  |TAMS 0x000000009d500000| PB 0x000000009d500000| Untracked 
| 470|0x000000009d600000, 0x000000009d600000, 0x000000009d700000|  0%| F|  |TAMS 0x000000009d600000| PB 0x000000009d600000| Untracked 
| 471|0x000000009d700000, 0x000000009d700000, 0x000000009d800000|  0%| F|  |TAMS 0x000000009d700000| PB 0x000000009d700000| Untracked 
| 472|0x000000009d800000, 0x000000009d800000, 0x000000009d900000|  0%| F|  |TAMS 0x000000009d800000| PB 0x000000009d800000| Untracked 
| 473|0x000000009d900000, 0x000000009d900000, 0x000000009da00000|  0%| F|  |TAMS 0x000000009d900000| PB 0x000000009d900000| Untracked 
| 474|0x000000009da00000, 0x000000009da00000, 0x000000009db00000|  0%| F|  |TAMS 0x000000009da00000| PB 0x000000009da00000| Untracked 
| 475|0x000000009db00000, 0x000000009db00000, 0x000000009dc00000|  0%| F|  |TAMS 0x000000009db00000| PB 0x000000009db00000| Untracked 
| 476|0x000000009dc00000, 0x000000009dc00000, 0x000000009dd00000|  0%| F|  |TAMS 0x000000009dc00000| PB 0x000000009dc00000| Untracked 
| 477|0x000000009dd00000, 0x000000009dd00000, 0x000000009de00000|  0%| F|  |TAMS 0x000000009dd00000| PB 0x000000009dd00000| Untracked 
| 478|0x000000009de00000, 0x000000009de00000, 0x000000009df00000|  0%| F|  |TAMS 0x000000009de00000| PB 0x000000009de00000| Untracked 
| 479|0x000000009df00000, 0x000000009df00000, 0x000000009e000000|  0%| F|  |TAMS 0x000000009df00000| PB 0x000000009df00000| Untracked 
| 480|0x000000009e000000, 0x000000009e000000, 0x000000009e100000|  0%| F|  |TAMS 0x000000009e000000| PB 0x000000009e000000| Untracked 
| 481|0x000000009e100000, 0x000000009e100000, 0x000000009e200000|  0%| F|  |TAMS 0x000000009e100000| PB 0x000000009e100000| Untracked 
| 482|0x000000009e200000, 0x000000009e200000, 0x000000009e300000|  0%| F|  |TAMS 0x000000009e200000| PB 0x000000009e200000| Untracked 
| 483|0x000000009e300000, 0x000000009e300000, 0x000000009e400000|  0%| F|  |TAMS 0x000000009e300000| PB 0x000000009e300000| Untracked 
| 484|0x000000009e400000, 0x000000009e400000, 0x000000009e500000|  0%| F|  |TAMS 0x000000009e400000| PB 0x000000009e400000| Untracked 
| 485|0x000000009e500000, 0x000000009e500000, 0x000000009e600000|  0%| F|  |TAMS 0x000000009e500000| PB 0x000000009e500000| Untracked 
| 486|0x000000009e600000, 0x000000009e600000, 0x000000009e700000|  0%| F|  |TAMS 0x000000009e600000| PB 0x000000009e600000| Untracked 
| 487|0x000000009e700000, 0x000000009e700000, 0x000000009e800000|  0%| F|  |TAMS 0x000000009e700000| PB 0x000000009e700000| Untracked 
| 488|0x000000009e800000, 0x000000009e800000, 0x000000009e900000|  0%| F|  |TAMS 0x000000009e800000| PB 0x000000009e800000| Untracked 
| 489|0x000000009e900000, 0x000000009e900000, 0x000000009ea00000|  0%| F|  |TAMS 0x000000009e900000| PB 0x000000009e900000| Untracked 
| 490|0x000000009ea00000, 0x000000009ea00000, 0x000000009eb00000|  0%| F|  |TAMS 0x000000009ea00000| PB 0x000000009ea00000| Untracked 
| 491|0x000000009eb00000, 0x000000009eb00000, 0x000000009ec00000|  0%| F|  |TAMS 0x000000009eb00000| PB 0x000000009eb00000| Untracked 
| 492|0x000000009ec00000, 0x000000009ec00000, 0x000000009ed00000|  0%| F|  |TAMS 0x000000009ec00000| PB 0x000000009ec00000| Untracked 
| 493|0x000000009ed00000, 0x000000009ed00000, 0x000000009ee00000|  0%| F|  |TAMS 0x000000009ed00000| PB 0x000000009ed00000| Untracked 
| 494|0x000000009ee00000, 0x000000009ee00000, 0x000000009ef00000|  0%| F|  |TAMS 0x000000009ee00000| PB 0x000000009ee00000| Untracked 
| 495|0x000000009ef00000, 0x000000009ef00000, 0x000000009f000000|  0%| F|  |TAMS 0x000000009ef00000| PB 0x000000009ef00000| Untracked 
| 496|0x000000009f000000, 0x000000009f000000, 0x000000009f100000|  0%| F|  |TAMS 0x000000009f000000| PB 0x000000009f000000| Untracked 
| 497|0x000000009f100000, 0x000000009f100000, 0x000000009f200000|  0%| F|  |TAMS 0x000000009f100000| PB 0x000000009f100000| Untracked 
| 498|0x000000009f200000, 0x000000009f200000, 0x000000009f300000|  0%| F|  |TAMS 0x000000009f200000| PB 0x000000009f200000| Untracked 
| 499|0x000000009f300000, 0x000000009f300000, 0x000000009f400000|  0%| F|  |TAMS 0x000000009f300000| PB 0x000000009f300000| Untracked 
| 500|0x000000009f400000, 0x000000009f400000, 0x000000009f500000|  0%| F|  |TAMS 0x000000009f400000| PB 0x000000009f400000| Untracked 
| 501|0x000000009f500000, 0x000000009f500000, 0x000000009f600000|  0%| F|  |TAMS 0x000000009f500000| PB 0x000000009f500000| Untracked 
| 502|0x000000009f600000, 0x000000009f600000, 0x000000009f700000|  0%| F|  |TAMS 0x000000009f600000| PB 0x000000009f600000| Untracked 
| 503|0x000000009f700000, 0x000000009f700000, 0x000000009f800000|  0%| F|  |TAMS 0x000000009f700000| PB 0x000000009f700000| Untracked 
| 504|0x000000009f800000, 0x000000009f800000, 0x000000009f900000|  0%| F|  |TAMS 0x000000009f800000| PB 0x000000009f800000| Untracked 
| 505|0x000000009f900000, 0x000000009f900000, 0x000000009fa00000|  0%| F|  |TAMS 0x000000009f900000| PB 0x000000009f900000| Untracked 
| 506|0x000000009fa00000, 0x000000009fa00000, 0x000000009fb00000|  0%| F|  |TAMS 0x000000009fa00000| PB 0x000000009fa00000| Untracked 
| 507|0x000000009fb00000, 0x000000009fb00000, 0x000000009fc00000|  0%| F|  |TAMS 0x000000009fb00000| PB 0x000000009fb00000| Untracked 
|2015|0x00000000fdf00000, 0x00000000fe000000, 0x00000000fe000000|100%| O|  |TAMS 0x00000000fdfefe08| PB 0x00000000fdf00000| Untracked 
|2016|0x00000000fe000000, 0x00000000fe000000, 0x00000000fe100000|  0%| F|  |TAMS 0x00000000fe000000| PB 0x00000000fe000000| Untracked 
|2017|0x00000000fe100000, 0x00000000fe100000, 0x00000000fe200000|  0%| F|  |TAMS 0x00000000fe100000| PB 0x00000000fe100000| Untracked 
|2018|0x00000000fe200000, 0x00000000fe300000, 0x00000000fe300000|100%| O|  |TAMS 0x00000000fe300000| PB 0x00000000fe200000| Untracked 
|2019|0x00000000fe300000, 0x00000000fe400000, 0x00000000fe400000|100%| O|  |TAMS 0x00000000fe400000| PB 0x00000000fe300000| Untracked 
|2020|0x00000000fe400000, 0x00000000fe500000, 0x00000000fe500000|100%| O|  |TAMS 0x00000000fe500000| PB 0x00000000fe400000| Untracked 
|2021|0x00000000fe500000, 0x00000000fe600000, 0x00000000fe600000|100%| O|  |TAMS 0x00000000fe600000| PB 0x00000000fe500000| Untracked 
|2022|0x00000000fe600000, 0x00000000fe600000, 0x00000000fe700000|  0%| F|  |TAMS 0x00000000fe600000| PB 0x00000000fe600000| Untracked 
|2023|0x00000000fe700000, 0x00000000fe800000, 0x00000000fe800000|100%| O|  |TAMS 0x00000000fe800000| PB 0x00000000fe700000| Untracked 
|2024|0x00000000fe800000, 0x00000000fe900000, 0x00000000fe900000|100%| O|  |TAMS 0x00000000fe900000| PB 0x00000000fe800000| Untracked 
|2025|0x00000000fe900000, 0x00000000fe900000, 0x00000000fea00000|  0%| F|  |TAMS 0x00000000fe900000| PB 0x00000000fe900000| Untracked 
|2026|0x00000000fea00000, 0x00000000feb00000, 0x00000000feb00000|100%| O|  |TAMS 0x00000000feb00000| PB 0x00000000fea00000| Untracked 
|2027|0x00000000feb00000, 0x00000000fec00000, 0x00000000fec00000|100%| O|  |TAMS 0x00000000fec00000| PB 0x00000000feb00000| Untracked 
|2028|0x00000000fec00000, 0x00000000fed00000, 0x00000000fed00000|100%| O|  |TAMS 0x00000000fed00000| PB 0x00000000fec00000| Untracked 
|2029|0x00000000fed00000, 0x00000000fee00000, 0x00000000fee00000|100%| O|  |TAMS 0x00000000fee00000| PB 0x00000000fed00000| Untracked 
|2030|0x00000000fee00000, 0x00000000fef00000, 0x00000000fef00000|100%| O|  |TAMS 0x00000000fef00000| PB 0x00000000fee00000| Untracked 
|2031|0x00000000fef00000, 0x00000000ff000000, 0x00000000ff000000|100%| O|  |TAMS 0x00000000ff000000| PB 0x00000000fef00000| Untracked 
|2032|0x00000000ff000000, 0x00000000ff100000, 0x00000000ff100000|100%| O|  |TAMS 0x00000000ff100000| PB 0x00000000ff000000| Untracked 
|2033|0x00000000ff100000, 0x00000000ff200000, 0x00000000ff200000|100%| O|  |TAMS 0x00000000ff200000| PB 0x00000000ff100000| Untracked 
|2034|0x00000000ff200000, 0x00000000ff200000, 0x00000000ff300000|  0%| F|  |TAMS 0x00000000ff200000| PB 0x00000000ff200000| Untracked 
|2035|0x00000000ff300000, 0x00000000ff300000, 0x00000000ff400000|  0%| F|  |TAMS 0x00000000ff300000| PB 0x00000000ff300000| Untracked 
|2036|0x00000000ff400000, 0x00000000ff400000, 0x00000000ff500000|  0%| F|  |TAMS 0x00000000ff400000| PB 0x00000000ff400000| Untracked 
|2037|0x00000000ff500000, 0x00000000ff600000, 0x00000000ff600000|100%| O|  |TAMS 0x00000000ff600000| PB 0x00000000ff500000| Untracked 
|2038|0x00000000ff600000, 0x00000000ff700000, 0x00000000ff700000|100%| O|  |TAMS 0x00000000ff700000| PB 0x00000000ff600000| Untracked 
|2039|0x00000000ff700000, 0x00000000ff800000, 0x00000000ff800000|100%| O|  |TAMS 0x00000000ff800000| PB 0x00000000ff700000| Untracked 
|2040|0x00000000ff800000, 0x00000000ff900000, 0x00000000ff900000|100%| O|  |TAMS 0x00000000ff900000| PB 0x00000000ff800000| Untracked 
|2041|0x00000000ff900000, 0x00000000ffa00000, 0x00000000ffa00000|100%| O|  |TAMS 0x00000000ffa00000| PB 0x00000000ff900000| Untracked 
|2042|0x00000000ffa00000, 0x00000000ffb00000, 0x00000000ffb00000|100%| O|  |TAMS 0x00000000ffb00000| PB 0x00000000ffa00000| Untracked 
|2043|0x00000000ffb00000, 0x00000000ffb00000, 0x00000000ffc00000|  0%| F|  |TAMS 0x00000000ffb00000| PB 0x00000000ffb00000| Untracked 
|2044|0x00000000ffc00000, 0x00000000ffc00000, 0x00000000ffd00000|  0%| F|  |TAMS 0x00000000ffc00000| PB 0x00000000ffc00000| Untracked 
|2045|0x00000000ffd00000, 0x00000000ffd00000, 0x00000000ffe00000|  0%| F|  |TAMS 0x00000000ffd00000| PB 0x00000000ffd00000| Untracked 
|2046|0x00000000ffe00000, 0x00000000ffe00000, 0x00000000fff00000|  0%| F|  |TAMS 0x00000000ffe00000| PB 0x00000000ffe00000| Untracked 
|2047|0x00000000fff00000, 0x0000000100000000, 0x0000000100000000|100%| O|  |TAMS 0x0000000100000000| PB 0x00000000fff00000| Untracked 

Card table byte_map: [0x000001657e230000,0x000001657e630000] _byte_map_base: 0x000001657de30000

Marking Bits: (CMBitMap*) 0x00000165752076a0
 Bits: [0x000001650f000000, 0x0000016511000000)

Polling page: 0x0000016573070000

Metaspace:

Usage:
  Non-class:    118.69 MB used.
      Class:     18.91 MB used.
       Both:    137.60 MB used.

Virtual space:
  Non-class space:      128.00 MB reserved,     119.81 MB ( 94%) committed,  2 nodes.
      Class space:        1.00 GB reserved,      20.06 MB (  2%) committed,  1 nodes.
             Both:        1.12 GB reserved,     139.88 MB ( 12%) committed. 

Chunk freelists:
   Non-Class:  8.08 MB
       Class:  11.97 MB
        Both:  20.05 MB

MaxMetaspaceSize: unlimited
CompressedClassSpaceSize: 1.00 GB
Initial GC threshold: 21.00 MB
Current GC threshold: 233.06 MB
CDS: on
 - commit_granule_bytes: 65536.
 - commit_granule_words: 8192.
 - virtual_space_node_default_size: 8388608.
 - enlarge_chunks_in_place: 1.
 - use_allocation_guard: 0.


Internal statistics:

num_allocs_failed_limit: 18.
num_arena_births: 4370.
num_arena_deaths: 68.
num_vsnodes_births: 3.
num_vsnodes_deaths: 0.
num_space_committed: 2231.
num_space_uncommitted: 0.
num_chunks_returned_to_freelist: 123.
num_chunks_taken_from_freelist: 10322.
num_chunk_merges: 44.
num_chunk_splits: 6855.
num_chunks_enlarged: 4541.
num_inconsistent_stats: 0.

CodeHeap 'non-profiled nmethods': size=120000Kb used=11638Kb max_used=15098Kb free=108361Kb
 bounds [0x0000016507ad0000, 0x00000165089b0000, 0x000001650f000000]
CodeHeap 'profiled nmethods': size=120000Kb used=29958Kb max_used=38432Kb free=90041Kb
 bounds [0x0000016500000000, 0x0000016502590000, 0x0000016507530000]
CodeHeap 'non-nmethods': size=5760Kb used=3134Kb max_used=3253Kb free=2625Kb
 bounds [0x0000016507530000, 0x0000016507870000, 0x0000016507ad0000]
CodeCache: size=245760Kb, used=44730Kb, max_used=56783Kb, free=201027Kb
 total_blobs=15029, nmethods=13929, adapters=1003, full_count=0
Compilation: enabled, stopped_count=0, restarted_count=0

Compilation events (20 events):
Event: 143.078 Thread 0x000001657f43a860 nmethod 34130 0x000001650063e390 code [0x000001650063e540, 0x000001650063e7f0]
Event: 143.078 Thread 0x000001657f43a860 34131       3       com.android.tools.r8.internal.Z9::a (270 bytes)
Event: 143.078 Thread 0x000001657f43a860 nmethod 34131 0x00000165003dd510 code [0x00000165003dd840, 0x00000165003de5d0]
Event: 143.087 Thread 0x00000165602b8420 nmethod 33201 0x0000016507e0c690 code [0x0000016507e0c8a0, 0x0000016507e0d838]
Event: 143.087 Thread 0x00000165602b8420 34125       4       com.android.tools.r8.internal.hx::a (87 bytes)
Event: 143.087 Thread 0x000001657f43a860 34133       2       com.android.tools.r8.internal.p10::values (26 bytes)
Event: 143.088 Thread 0x000001657f43a860 nmethod 34133 0x0000016500572190 code [0x0000016500572340, 0x0000016500572568]
Event: 143.088 Thread 0x000001657f43a860 34134       2       com.android.tools.r8.internal.h10::iterator (12 bytes)
Event: 143.088 Thread 0x000001657f43a860 nmethod 34134 0x00000165005a9590 code [0x00000165005a9740, 0x00000165005a9930]
Event: 143.091 Thread 0x000001657f43a860 34135 %     3       com.android.tools.r8.internal.CQ::a @ 35 (761 bytes)
Event: 143.095 Thread 0x000001657f43a860 nmethod 34135% 0x000001650131b790 code [0x000001650131bd40, 0x000001650131f008]
Event: 143.095 Thread 0x000001657f43a860 34136       3       com.android.tools.r8.internal.vd::a (6886 bytes)
Event: 143.096 Thread 0x00000165602b8420 nmethod 34125 0x0000016507b95390 code [0x0000016507b95540, 0x0000016507b95870]
Event: 143.096 Thread 0x00000165602b8420 33050       4       java.util.Collections$SetFromMap::iterator (10 bytes)
Event: 143.100 Thread 0x00000165602b8420 nmethod 33050 0x0000016507bce990 code [0x0000016507bceb40, 0x0000016507bced60]
Event: 143.101 Thread 0x00000165602b8420 34137       4       com.android.tools.r8.internal.Qk0::b (198 bytes)
Event: 143.130 Thread 0x000001657f43a860 nmethod 34136 0x0000016501f8b290 code [0x0000016501f8c900, 0x0000016501fa0600]
Event: 143.131 Thread 0x000001657f43a860 34138 %     2       com.android.tools.r8.internal.sW::b @ 79 (638 bytes)
Event: 143.136 Thread 0x000001657f43a860 nmethod 34138% 0x000001650050ba90 code [0x000001650050bf80, 0x000001650050de08]
Event: 143.136 Thread 0x000001657f43a860 34142       2       com.android.tools.r8.ir.optimize.M::a (767 bytes)

GC Heap History (20 events):
Event: 139.810 GC heap after
{Heap after GC invocations=91 (full 0):
 garbage-first heap   total 402432K, used 248487K [0x0000000080000000, 0x0000000100000000)
  region size 1024K, 18 young (18432K), 18 survivors (18432K)
 Metaspace       used 139307K, committed 141632K, reserved 1179648K
  class space    used 19249K, committed 20416K, reserved 1048576K
}
Event: 140.127 GC heap before
{Heap before GC invocations=91 (full 0):
 garbage-first heap   total 402432K, used 374439K [0x0000000080000000, 0x0000000100000000)
  region size 1024K, 142 young (145408K), 18 survivors (18432K)
 Metaspace       used 139616K, committed 142016K, reserved 1179648K
  class space    used 19249K, committed 20416K, reserved 1048576K
}
Event: 140.139 GC heap after
{Heap after GC invocations=92 (full 0):
 garbage-first heap   total 471040K, used 251180K [0x0000000080000000, 0x0000000100000000)
  region size 1024K, 13 young (13312K), 13 survivors (13312K)
 Metaspace       used 139616K, committed 142016K, reserved 1179648K
  class space    used 19249K, committed 20416K, reserved 1048576K
}
Event: 140.700 GC heap before
{Heap before GC invocations=93 (full 0):
 garbage-first heap   total 471040K, used 436524K [0x0000000080000000, 0x0000000100000000)
  region size 1024K, 195 young (199680K), 13 survivors (13312K)
 Metaspace       used 139866K, committed 142208K, reserved 1179648K
  class space    used 19250K, committed 20416K, reserved 1048576K
}
Event: 140.709 GC heap after
{Heap after GC invocations=94 (full 0):
 garbage-first heap   total 471040K, used 251609K [0x0000000080000000, 0x0000000100000000)
  region size 1024K, 13 young (13312K), 13 survivors (13312K)
 Metaspace       used 139866K, committed 142208K, reserved 1179648K
  class space    used 19250K, committed 20416K, reserved 1048576K
}
Event: 141.089 GC heap before
{Heap before GC invocations=94 (full 0):
 garbage-first heap   total 471040K, used 443097K [0x0000000080000000, 0x0000000100000000)
  region size 1024K, 201 young (205824K), 13 survivors (13312K)
 Metaspace       used 140123K, committed 142464K, reserved 1179648K
  class space    used 19261K, committed 20416K, reserved 1048576K
}
Event: 141.099 GC heap after
{Heap after GC invocations=95 (full 0):
 garbage-first heap   total 471040K, used 250553K [0x0000000080000000, 0x0000000100000000)
  region size 1024K, 14 young (14336K), 14 survivors (14336K)
 Metaspace       used 140123K, committed 142464K, reserved 1179648K
  class space    used 19261K, committed 20416K, reserved 1048576K
}
Event: 141.343 GC heap before
{Heap before GC invocations=95 (full 0):
 garbage-first heap   total 471040K, used 446137K [0x0000000080000000, 0x0000000100000000)
  region size 1024K, 206 young (210944K), 14 survivors (14336K)
 Metaspace       used 140205K, committed 142528K, reserved 1179648K
  class space    used 19263K, committed 20416K, reserved 1048576K
}
Event: 141.352 GC heap after
{Heap after GC invocations=96 (full 0):
 garbage-first heap   total 471040K, used 254907K [0x0000000080000000, 0x0000000100000000)
  region size 1024K, 18 young (18432K), 18 survivors (18432K)
 Metaspace       used 140205K, committed 142528K, reserved 1179648K
  class space    used 19263K, committed 20416K, reserved 1048576K
}
Event: 141.736 GC heap before
{Heap before GC invocations=97 (full 0):
 garbage-first heap   total 471040K, used 446395K [0x0000000080000000, 0x0000000100000000)
  region size 1024K, 206 young (210944K), 18 survivors (18432K)
 Metaspace       used 140584K, committed 142976K, reserved 1179648K
  class space    used 19335K, committed 20544K, reserved 1048576K
}
Event: 141.745 GC heap after
{Heap after GC invocations=98 (full 0):
 garbage-first heap   total 471040K, used 253001K [0x0000000080000000, 0x0000000100000000)
  region size 1024K, 10 young (10240K), 10 survivors (10240K)
 Metaspace       used 140584K, committed 142976K, reserved 1179648K
  class space    used 19335K, committed 20544K, reserved 1048576K
}
Event: 142.037 GC heap before
{Heap before GC invocations=98 (full 0):
 garbage-first heap   total 471040K, used 445513K [0x0000000080000000, 0x0000000100000000)
  region size 1024K, 199 young (203776K), 10 survivors (10240K)
 Metaspace       used 140789K, committed 143104K, reserved 1179648K
  class space    used 19362K, committed 20544K, reserved 1048576K
}
Event: 142.046 GC heap after
{Heap after GC invocations=99 (full 0):
 garbage-first heap   total 471040K, used 251150K [0x0000000080000000, 0x0000000100000000)
  region size 1024K, 10 young (10240K), 10 survivors (10240K)
 Metaspace       used 140789K, committed 143104K, reserved 1179648K
  class space    used 19362K, committed 20544K, reserved 1048576K
}
Event: 142.152 GC heap before
{Heap before GC invocations=99 (full 0):
 garbage-first heap   total 471040K, used 338190K [0x0000000080000000, 0x0000000100000000)
  region size 1024K, 97 young (99328K), 10 survivors (10240K)
 Metaspace       used 140808K, committed 143168K, reserved 1179648K
  class space    used 19362K, committed 20544K, reserved 1048576K
}
Event: 142.160 GC heap after
{Heap after GC invocations=100 (full 0):
 garbage-first heap   total 471040K, used 258347K [0x0000000080000000, 0x0000000100000000)
  region size 1024K, 17 young (17408K), 17 survivors (17408K)
 Metaspace       used 140808K, committed 143168K, reserved 1179648K
  class space    used 19362K, committed 20544K, reserved 1048576K
}
Event: 142.526 GC heap before
{Heap before GC invocations=101 (full 0):
 garbage-first heap   total 471040K, used 447787K [0x0000000080000000, 0x0000000100000000)
  region size 1024K, 201 young (205824K), 17 survivors (17408K)
 Metaspace       used 140858K, committed 143232K, reserved 1179648K
  class space    used 19363K, committed 20544K, reserved 1048576K
}
Event: 142.536 GC heap after
{Heap after GC invocations=102 (full 0):
 garbage-first heap   total 478208K, used 270280K [0x0000000080000000, 0x0000000100000000)
  region size 1024K, 26 young (26624K), 26 survivors (26624K)
 Metaspace       used 140858K, committed 143232K, reserved 1179648K
  class space    used 19363K, committed 20544K, reserved 1048576K
}
Event: 142.752 GC heap before
{Heap before GC invocations=102 (full 0):
 garbage-first heap   total 478208K, used 449480K [0x0000000080000000, 0x0000000100000000)
  region size 1024K, 201 young (205824K), 26 survivors (26624K)
 Metaspace       used 140886K, committed 143232K, reserved 1179648K
  class space    used 19363K, committed 20544K, reserved 1048576K
}
Event: 142.771 GC heap after
{Heap after GC invocations=103 (full 0):
 garbage-first heap   total 487424K, used 273166K [0x0000000080000000, 0x0000000100000000)
  region size 1024K, 14 young (14336K), 14 survivors (14336K)
 Metaspace       used 140886K, committed 143232K, reserved 1179648K
  class space    used 19363K, committed 20544K, reserved 1048576K
}
Event: 143.139 GC heap before
{Heap before GC invocations=103 (full 0):
 garbage-first heap   total 487424K, used 454414K [0x0000000080000000, 0x0000000100000000)
  region size 1024K, 192 young (196608K), 14 survivors (14336K)
 Metaspace       used 140903K, committed 143232K, reserved 1179648K
  class space    used 19363K, committed 20544K, reserved 1048576K
}

Dll operation events (20 events):
Event: 0.068 Attempting to load shared library C:\Users\xiehu\Documents\Codex\2026-08-04\che\work\toolchain\jdk21\jdk-21.0.12+8\bin\nio.dll
Event: 0.068 Loaded shared library C:\Users\xiehu\Documents\Codex\2026-08-04\che\work\toolchain\jdk21\jdk-21.0.12+8\bin\nio.dll
Event: 0.070 Attempting to load shared library C:\Users\xiehu\Documents\Codex\2026-08-04\che\work\toolchain\jdk21\jdk-21.0.12+8\bin\zip.dll
Event: 0.070 Loaded shared library C:\Users\xiehu\Documents\Codex\2026-08-04\che\work\toolchain\jdk21\jdk-21.0.12+8\bin\zip.dll
Event: 0.194 Attempting to load shared library C:\Users\xiehu\Documents\Codex\2026-08-04\che\work\toolchain\jdk21\jdk-21.0.12+8\bin\jimage.dll
Event: 0.194 Loaded shared library C:\Users\xiehu\Documents\Codex\2026-08-04\che\work\toolchain\jdk21\jdk-21.0.12+8\bin\jimage.dll
Event: 0.258 Attempting to load shared library C:\Users\xiehu\Documents\Codex\2026-08-04\che\work\toolchain\jdk21\jdk-21.0.12+8\bin\verify.dll
Event: 0.258 Loaded shared library C:\Users\xiehu\Documents\Codex\2026-08-04\che\work\toolchain\jdk21\jdk-21.0.12+8\bin\verify.dll
Event: 0.341 Attempting to load shared library C:\Users\xiehu\.gradle\native\c067742578af261105cb4f569cf0c3c89f3d7b1fecec35dd04571415982c5e48\windows-amd64\native-platform.dll
Event: 0.342 Loaded shared library C:\Users\xiehu\.gradle\native\c067742578af261105cb4f569cf0c3c89f3d7b1fecec35dd04571415982c5e48\windows-amd64\native-platform.dll
Event: 0.354 Attempting to load shared library C:\Users\xiehu\.gradle\native\100fb08df4bc3b14c8652ba06237920a3bd2aa13389f12d3474272988ae205f9\windows-amd64\native-platform-file-events.dll
Event: 0.470 Loaded shared library C:\Users\xiehu\.gradle\native\100fb08df4bc3b14c8652ba06237920a3bd2aa13389f12d3474272988ae205f9\windows-amd64\native-platform-file-events.dll
Event: 1.047 Attempting to load shared library C:\Users\xiehu\Documents\Codex\2026-08-04\che\work\toolchain\jdk21\jdk-21.0.12+8\bin\management.dll
Event: 1.048 Loaded shared library C:\Users\xiehu\Documents\Codex\2026-08-04\che\work\toolchain\jdk21\jdk-21.0.12+8\bin\management.dll
Event: 1.049 Attempting to load shared library C:\Users\xiehu\Documents\Codex\2026-08-04\che\work\toolchain\jdk21\jdk-21.0.12+8\bin\management_ext.dll
Event: 1.049 Loaded shared library C:\Users\xiehu\Documents\Codex\2026-08-04\che\work\toolchain\jdk21\jdk-21.0.12+8\bin\management_ext.dll
Event: 1.182 Attempting to load shared library C:\Users\xiehu\Documents\Codex\2026-08-04\che\work\toolchain\jdk21\jdk-21.0.12+8\bin\extnet.dll
Event: 1.182 Loaded shared library C:\Users\xiehu\Documents\Codex\2026-08-04\che\work\toolchain\jdk21\jdk-21.0.12+8\bin\extnet.dll
Event: 1.334 Attempting to load shared library C:\Users\xiehu\Documents\Codex\2026-08-04\che\work\toolchain\jdk21\jdk-21.0.12+8\bin\sunmscapi.dll
Event: 1.335 Loaded shared library C:\Users\xiehu\Documents\Codex\2026-08-04\che\work\toolchain\jdk21\jdk-21.0.12+8\bin\sunmscapi.dll

Deoptimization events (20 events):
Event: 143.091 Thread 0x000001655e78cb30 DEOPT PACKING pc=0x00000165081d6244 sp=0x00000007dfffa3c0
Event: 143.091 Thread 0x000001655e78cb30 DEOPT UNPACKING pc=0x0000016507587ba2 sp=0x00000007dfffa340 mode 2
Event: 143.096 Thread 0x000001655e790640 DEOPT PACKING pc=0x0000016507e8ed94 sp=0x00000007e00f9ce0
Event: 143.096 Thread 0x000001655e790640 DEOPT UNPACKING pc=0x00000165075886e2 sp=0x00000007e00f91d0 mode 0
Event: 143.102 Thread 0x000001655e78f290 DEOPT PACKING pc=0x000001650233226c sp=0x00000007e04f9d00
Event: 143.102 Thread 0x000001655e78f290 DEOPT UNPACKING pc=0x00000165075886e2 sp=0x00000007e04f93f0 mode 0
Event: 143.102 Thread 0x000001655e78cb30 DEOPT PACKING pc=0x000001650197c47c sp=0x00000007dfffad00
Event: 143.102 Thread 0x000001655e78cb30 DEOPT UNPACKING pc=0x00000165075886e2 sp=0x00000007dfffa260 mode 0
Event: 143.102 Thread 0x000001655e78dee0 DEOPT PACKING pc=0x000001650233226c sp=0x00000007e03f9b00
Event: 143.102 Thread 0x000001655e78dee0 DEOPT UNPACKING pc=0x00000165075886e2 sp=0x00000007e03f91f0 mode 0
Event: 143.104 Thread 0x000001655e790640 DEOPT PACKING pc=0x000001650233134c sp=0x00000007e00fa140
Event: 143.105 Thread 0x000001655e78f920 DEOPT PACKING pc=0x000001650233226c sp=0x00000007dfef9a00
Event: 143.105 Thread 0x000001655e78f920 DEOPT UNPACKING pc=0x00000165075886e2 sp=0x00000007dfef90f0 mode 0
Event: 143.106 Thread 0x000001655e790640 DEOPT UNPACKING pc=0x00000165075886e2 sp=0x00000007e00f9830 mode 0
Event: 143.112 Thread 0x000001655e790640 DEOPT PACKING pc=0x000001650208b969 sp=0x00000007e00f91e0
Event: 143.112 Thread 0x000001655e790640 DEOPT UNPACKING pc=0x00000165075886e2 sp=0x00000007e00f8a40 mode 0
Event: 143.124 Thread 0x000001655e78be10 DEOPT PACKING pc=0x000001650233226c sp=0x00000007df9f9b30
Event: 143.124 Thread 0x000001655e78be10 DEOPT UNPACKING pc=0x00000165075886e2 sp=0x00000007df9f9220 mode 0
Event: 143.127 Thread 0x000001655e78d1c0 DEOPT PACKING pc=0x000001650233226c sp=0x00000007e02f9d30
Event: 143.127 Thread 0x000001655e78d1c0 DEOPT UNPACKING pc=0x00000165075886e2 sp=0x00000007e02f9420 mode 0

Classes loaded (20 events):
Event: 137.634 Loading class java/util/SortedSet$1
Event: 137.634 Loading class java/util/SortedSet$1 done
Event: 137.641 Loading class java/util/stream/SliceOps
Event: 137.641 Loading class java/util/stream/SliceOps done
Event: 137.642 Loading class java/util/stream/SliceOps$1
Event: 137.643 Loading class java/util/stream/SliceOps$1 done
Event: 137.651 Loading class java/util/stream/SliceOps$1$1
Event: 137.651 Loading class java/util/stream/SliceOps$1$1 done
Event: 137.657 Loading class java/util/PriorityQueue
Event: 137.659 Loading class java/util/PriorityQueue done
Event: 137.765 Loading class java/util/AbstractList$SubList
Event: 137.766 Loading class java/util/AbstractList$SubList done
Event: 137.766 Loading class java/util/AbstractList$SubList$1
Event: 137.767 Loading class java/util/AbstractList$SubList$1 done
Event: 138.037 Loading class java/util/IdentityHashMap$ValueIterator
Event: 138.037 Loading class java/util/IdentityHashMap$ValueIterator done
Event: 138.739 Loading class java/nio/ShortBuffer
Event: 138.739 Loading class java/nio/ShortBuffer done
Event: 138.796 Loading class java/nio/ByteBufferAsShortBufferL
Event: 138.799 Loading class java/nio/ByteBufferAsShortBufferL done

Classes unloaded (20 events):
Event: 139.210 Thread 0x000001657f2b1490 Unloading class 0x000001651523dc00 'java/lang/invoke/LambdaForm$DMH+0x000001651523dc00'
Event: 139.210 Thread 0x000001657f2b1490 Unloading class 0x000001651523d800 'java/lang/invoke/LambdaForm$DMH+0x000001651523d800'
Event: 139.210 Thread 0x000001657f2b1490 Unloading class 0x000001651523d400 'java/lang/invoke/LambdaForm$DMH+0x000001651523d400'
Event: 139.210 Thread 0x000001657f2b1490 Unloading class 0x000001651523d000 'java/lang/invoke/LambdaForm$DMH+0x000001651523d000'
Event: 139.210 Thread 0x000001657f2b1490 Unloading class 0x000001651523cc00 'java/lang/invoke/LambdaForm$DMH+0x000001651523cc00'
Event: 139.210 Thread 0x000001657f2b1490 Unloading class 0x000001651523c800 'java/lang/invoke/LambdaForm$DMH+0x000001651523c800'
Event: 139.210 Thread 0x000001657f2b1490 Unloading class 0x000001651523c400 'java/lang/invoke/LambdaForm$DMH+0x000001651523c400'
Event: 139.210 Thread 0x000001657f2b1490 Unloading class 0x00000165151d6400 'java/lang/invoke/LambdaForm$DMH+0x00000165151d6400'
Event: 139.210 Thread 0x000001657f2b1490 Unloading class 0x00000165151d6000 'java/lang/invoke/LambdaForm$DMH+0x00000165151d6000'
Event: 139.210 Thread 0x000001657f2b1490 Unloading class 0x00000165151d5c00 'java/lang/invoke/LambdaForm$DMH+0x00000165151d5c00'
Event: 139.210 Thread 0x000001657f2b1490 Unloading class 0x00000165151d5800 'java/lang/invoke/LambdaForm$DMH+0x00000165151d5800'
Event: 139.210 Thread 0x000001657f2b1490 Unloading class 0x00000165151d5400 'java/lang/invoke/LambdaForm$DMH+0x00000165151d5400'
Event: 139.210 Thread 0x000001657f2b1490 Unloading class 0x00000165151d5000 'java/lang/invoke/LambdaForm$DMH+0x00000165151d5000'
Event: 139.210 Thread 0x000001657f2b1490 Unloading class 0x00000165151d4800 'java/lang/invoke/LambdaForm$DMH+0x00000165151d4800'
Event: 139.210 Thread 0x000001657f2b1490 Unloading class 0x00000165151d4c00 'java/lang/invoke/LambdaForm$DMH+0x00000165151d4c00'
Event: 139.210 Thread 0x000001657f2b1490 Unloading class 0x00000165151d4400 'java/lang/invoke/LambdaForm$DMH+0x00000165151d4400'
Event: 139.210 Thread 0x000001657f2b1490 Unloading class 0x0000016515161000 'java/lang/invoke/LambdaForm$DMH+0x0000016515161000'
Event: 139.210 Thread 0x000001657f2b1490 Unloading class 0x0000016515160400 'java/lang/invoke/LambdaForm$DMH+0x0000016515160400'
Event: 139.210 Thread 0x000001657f2b1490 Unloading class 0x0000016515160000 'java/lang/invoke/LambdaForm$DMH+0x0000016515160000'
Event: 139.210 Thread 0x000001657f2b1490 Unloading class 0x0000016515160c00 'java/lang/invoke/LambdaForm$DMH+0x0000016515160c00'

Classes redefined (0 events):
No events

Internal exceptions (20 events):
Event: 139.436 Thread 0x000001655e78cb30 Exception <a 'sun/nio/fs/WindowsException'{0x000000008fcf3280}> (0x000000008fcf3280) 
thrown [s\src\hotspot\share\prims\jni.cpp, line 520]
Event: 139.536 Thread 0x000001655e78f920 Exception <a 'java/lang/NoSuchMethodError'{0x0000000094bdc4f0}: 'int java.lang.invoke.DirectMethodHandle$Holder.invokeInterface(java.lang.Object, java.lang.Object, int)'> (0x0000000094bdc4f0) 
thrown [s\src\hotspot\share\interpreter\linkResolver.cpp, line 773]
Event: 140.894 Thread 0x000001655e78b780 Exception <a 'java/lang/NoSuchMethodError'{0x00000000958eb108}: 'void java.lang.invoke.DirectMethodHandle$Holder.invokeSpecialIFC(java.lang.Object, java.lang.Object, java.lang.Object, java.lang.Object)'> (0x00000000958eb108) 
thrown [s\src\hotspot\share\interpreter\linkResolver.cpp, line 773]
Event: 140.976 Thread 0x000001655e789020 Exception <a 'sun/nio/fs/WindowsException'{0x00000000954267f8}> (0x00000000954267f8) 
thrown [s\src\hotspot\share\prims\jni.cpp, line 520]
Event: 141.017 Thread 0x000001655cfb79a0 Exception <a 'sun/nio/fs/WindowsException'{0x000000009224c420}> (0x000000009224c420) 
thrown [s\src\hotspot\share\prims\jni.cpp, line 520]
Event: 141.020 Thread 0x000001655e78ffb0 Exception <a 'sun/nio/fs/WindowsException'{0x0000000092684bc0}> (0x0000000092684bc0) 
thrown [s\src\hotspot\share\prims\jni.cpp, line 520]
Event: 141.156 Thread 0x000001655e78cb30 Exception <a 'sun/nio/fs/WindowsException'{0x00000000997f1cb0}> (0x00000000997f1cb0) 
thrown [s\src\hotspot\share\prims\jni.cpp, line 520]
Event: 141.414 Thread 0x000001655e78cb30 Exception <a 'sun/nio/fs/WindowsException'{0x00000000998d2638}> (0x00000000998d2638) 
thrown [s\src\hotspot\share\prims\jni.cpp, line 520]
Event: 141.498 Thread 0x000001655cfb79a0 Exception <a 'java/lang/NoSuchMethodError'{0x00000000967f41b0}: 'java.lang.Object java.lang.invoke.DirectMethodHandle$Holder.newInvokeSpecial(java.lang.Object, int, java.lang.Object, java.lang.Object)'> (0x00000000967f41b0) 
thrown [s\src\hotspot\share\interpreter\linkResolver.cpp, line 773]
Event: 141.512 Thread 0x000001655cfb79a0 Implicit null exception at 0x00000165084a6b7d to 0x00000165084a6cb0
Event: 141.619 Thread 0x000001655e78ffb0 Exception <a 'sun/nio/fs/WindowsException'{0x00000000948aa128}> (0x00000000948aa128) 
thrown [s\src\hotspot\share\prims\jni.cpp, line 520]
Event: 141.672 Thread 0x000001655cfb79a0 Exception <a 'sun/nio/fs/WindowsException'{0x00000000931abdd8}> (0x00000000931abdd8) 
thrown [s\src\hotspot\share\prims\jni.cpp, line 520]
Event: 141.777 Thread 0x000001655e78b780 Implicit null exception at 0x0000016507dd66fd to 0x0000016507dd6860
Event: 141.860 Thread 0x000001655e78cb30 Exception <a 'sun/nio/fs/WindowsException'{0x0000000096227438}> (0x0000000096227438) 
thrown [s\src\hotspot\share\prims\jni.cpp, line 520]
Event: 141.862 Thread 0x000001655cfb79a0 Exception <a 'sun/nio/fs/WindowsException'{0x0000000095fabba8}> (0x0000000095fabba8) 
thrown [s\src\hotspot\share\prims\jni.cpp, line 520]
Event: 141.935 Thread 0x000001655e78b780 Exception <a 'sun/nio/fs/WindowsException'{0x0000000093a3f6b8}> (0x0000000093a3f6b8) 
thrown [s\src\hotspot\share\prims\jni.cpp, line 520]
Event: 141.963 Thread 0x000001655e78ffb0 Exception <a 'sun/nio/fs/WindowsException'{0x00000000924da518}> (0x00000000924da518) 
thrown [s\src\hotspot\share\prims\jni.cpp, line 520]
Event: 142.057 Thread 0x000001655cfb79a0 Exception <a 'sun/nio/fs/WindowsException'{0x00000000ff372188}> (0x00000000ff372188) 
thrown [s\src\hotspot\share\prims\jni.cpp, line 520]
Event: 142.223 Thread 0x000001655e78b780 Exception <a 'sun/nio/fs/WindowsException'{0x00000000993f63e0}> (0x00000000993f63e0) 
thrown [s\src\hotspot\share\prims\jni.cpp, line 520]
Event: 142.465 Thread 0x000001655e78b780 Exception <a 'sun/nio/fs/WindowsException'{0x000000009258ca08}> (0x000000009258ca08) 
thrown [s\src\hotspot\share\prims\jni.cpp, line 520]

ZGC Phase Switch (0 events):
No events

VM Operations (20 events):
Event: 141.694 Executing safepoint VM operation: G1PauseCleanup done
Event: 141.735 Executing safepoint VM operation: G1CollectForAllocation (G1 Evacuation Pause)
Event: 141.745 Executing safepoint VM operation: G1CollectForAllocation (G1 Evacuation Pause) done
Event: 141.873 Executing safepoint VM operation: ICBufferFull
Event: 141.874 Executing safepoint VM operation: ICBufferFull done
Event: 142.037 Executing safepoint VM operation: G1CollectForAllocation (G1 Evacuation Pause)
Event: 142.046 Executing safepoint VM operation: G1CollectForAllocation (G1 Evacuation Pause) done
Event: 142.152 Executing safepoint VM operation: G1TryInitiateConcMark (G1 Humongous Allocation)
Event: 142.160 Executing safepoint VM operation: G1TryInitiateConcMark (G1 Humongous Allocation) done
Event: 142.376 Executing safepoint VM operation: G1PauseRemark
Event: 142.395 Executing safepoint VM operation: G1PauseRemark done
Event: 142.510 Executing safepoint VM operation: G1PauseCleanup
Event: 142.510 Executing safepoint VM operation: G1PauseCleanup done
Event: 142.526 Executing safepoint VM operation: G1CollectForAllocation (G1 Evacuation Pause)
Event: 142.536 Executing safepoint VM operation: G1CollectForAllocation (G1 Evacuation Pause) done
Event: 142.743 Executing safepoint VM operation: G1CollectForAllocation (G1 Evacuation Pause)
Event: 142.771 Executing safepoint VM operation: G1CollectForAllocation (G1 Evacuation Pause) done
Event: 143.102 Executing non-safepoint VM operation: HandshakeAllThreads (Deoptimize)
Event: 143.137 Executing non-safepoint VM operation: HandshakeAllThreads (Deoptimize) done
Event: 143.138 Executing safepoint VM operation: G1CollectForAllocation (G1 Evacuation Pause)

Memory protections (0 events):
No events

Nmethod flushes (20 events):
Event: 142.392 Thread 0x000001657f2b1490 flushing  nmethod 0x0000016502128410
Event: 142.392 Thread 0x000001657f2b1490 flushing  nmethod 0x0000016502262790
Event: 142.392 Thread 0x000001657f2b1490 flushing  nmethod 0x0000016502263410
Event: 142.392 Thread 0x000001657f2b1490 flushing  nmethod 0x0000016502263810
Event: 142.392 Thread 0x000001657f2b1490 flushing  nmethod 0x0000016502263e90
Event: 142.392 Thread 0x000001657f2b1490 flushing  nmethod 0x0000016502264290
Event: 142.392 Thread 0x000001657f2b1490 flushing  nmethod 0x0000016502265190
Event: 142.392 Thread 0x000001657f2b1490 flushing  nmethod 0x0000016502265990
Event: 142.392 Thread 0x000001657f2b1490 flushing  nmethod 0x0000016502268a10
Event: 142.392 Thread 0x000001657f2b1490 flushing  nmethod 0x0000016502268e90
Event: 142.392 Thread 0x000001657f2b1490 flushing  nmethod 0x0000016502269890
Event: 142.392 Thread 0x000001657f2b1490 flushing  nmethod 0x000001650226a110
Event: 142.392 Thread 0x000001657f2b1490 flushing  nmethod 0x000001650226ad10
Event: 142.392 Thread 0x000001657f2b1490 flushing  nmethod 0x000001650226bc10
Event: 142.392 Thread 0x000001657f2b1490 flushing  nmethod 0x00000165022f6d10
Event: 142.392 Thread 0x000001657f2b1490 flushing  nmethod 0x00000165022f7510
Event: 142.392 Thread 0x000001657f2b1490 flushing  nmethod 0x00000165022f8a90
Event: 142.392 Thread 0x000001657f2b1490 flushing  nmethod 0x00000165022f9310
Event: 142.392 Thread 0x000001657f2b1490 flushing  nmethod 0x0000016502359110
Event: 142.392 Thread 0x000001657f2b1490 flushing  nmethod 0x0000016502359690

Events (20 events):
Event: 128.914 Thread 0x000001655cfb6c80 Thread added: 0x000001655e78b0f0
Event: 128.919 Thread 0x000001655cfb6c80 Thread added: 0x0000016560787b70
Event: 129.872 Thread 0x000001655bf8c150 Thread exited: 0x000001655bf8c150
Event: 129.872 Thread 0x0000016558505f20 Thread exited: 0x0000016558505f20
Event: 130.207 Thread 0x000001657f43a860 Thread added: 0x000001655bf8c150
Event: 130.207 Thread 0x000001657f43a860 Thread added: 0x0000016558505f20
Event: 131.006 Thread 0x0000016558505f20 Thread exited: 0x0000016558505f20
Event: 131.071 Thread 0x000001657f43a860 Thread added: 0x0000016558505f20
Event: 131.268 Thread 0x0000016558505f20 Thread exited: 0x0000016558505f20
Event: 131.268 Thread 0x000001655bf8c150 Thread exited: 0x000001655bf8c150
Event: 132.270 Thread 0x000001657f43a860 Thread added: 0x000001655bf8c150
Event: 133.077 Thread 0x000001657f43a860 Thread added: 0x000001655bf8dcc0
Event: 134.495 Thread 0x000001655bf8dcc0 Thread exited: 0x000001655bf8dcc0
Event: 134.741 Thread 0x000001655bf8c150 Thread exited: 0x000001655bf8c150
Event: 134.851 Thread 0x000001657f439250 Thread added: 0x000001655bf8dcc0
Event: 134.988 Thread 0x000001655bf8dcc0 Thread exited: 0x000001655bf8dcc0
Event: 135.124 Thread 0x000001657f43a860 Thread added: 0x000001655bf8dcc0
Event: 135.284 Thread 0x000001657f43a860 Thread added: 0x00000165602b8420
Event: 135.661 Thread 0x000001655cfb79a0 Thread added: 0x000001656078a960
Event: 137.667 Thread 0x000001655a72dc70 Thread exited: 0x000001655a72dc70


Dynamic libraries:
0x00007ff791110000 - 0x00007ff79111e000 	C:\Users\xiehu\Documents\Codex\2026-08-04\che\work\toolchain\jdk21\jdk-21.0.12+8\bin\java.exe
0x00007ffa40f40000 - 0x00007ffa411a6000 	C:\WINDOWS\SYSTEM32\ntdll.dll
0x00007ffa3ef70000 - 0x00007ffa3f039000 	C:\WINDOWS\System32\KERNEL32.DLL
0x00007ffa3e2d0000 - 0x00007ffa3e6ce000 	C:\WINDOWS\System32\KERNELBASE.dll
0x00007ffa3e950000 - 0x00007ffa3ea9c000 	C:\WINDOWS\System32\ucrtbase.dll
0x00007ffa28f40000 - 0x00007ffa28f5e000 	C:\Users\xiehu\Documents\Codex\2026-08-04\che\work\toolchain\jdk21\jdk-21.0.12+8\bin\VCRUNTIME140.dll
0x00007ffa2a490000 - 0x00007ffa2a4a8000 	C:\Users\xiehu\Documents\Codex\2026-08-04\che\work\toolchain\jdk21\jdk-21.0.12+8\bin\jli.dll
0x00007ffa3fc10000 - 0x00007ffa3fdd7000 	C:\WINDOWS\System32\USER32.dll
0x00007ffa2c920000 - 0x00007ffa2cbb2000 	C:\WINDOWS\WinSxS\amd64_microsoft.windows.common-controls_6595b64144ccf1df_6.0.26100.8875_none_3e0d5d42e32fe9dd\COMCTL32.dll
0x00007ffa3e6e0000 - 0x00007ffa3e707000 	C:\WINDOWS\System32\win32u.dll
0x00007ffa3fde0000 - 0x00007ffa3fe89000 	C:\WINDOWS\System32\msvcrt.dll
0x00007ffa40aa0000 - 0x00007ffa40acb000 	C:\WINDOWS\System32\GDI32.dll
0x00007ffa3eb40000 - 0x00007ffa3ec6a000 	C:\WINDOWS\System32\gdi32full.dll
0x00007ffa3e220000 - 0x00007ffa3e2c3000 	C:\WINDOWS\System32\msvcp_win.dll
0x00007ffa40350000 - 0x00007ffa40382000 	C:\WINDOWS\System32\IMM32.DLL
0x00007ffa2bf70000 - 0x00007ffa2bf7c000 	C:\Users\xiehu\Documents\Codex\2026-08-04\che\work\toolchain\jdk21\jdk-21.0.12+8\bin\vcruntime140_1.dll
0x00007ffa22c60000 - 0x00007ffa22ced000 	C:\Users\xiehu\Documents\Codex\2026-08-04\che\work\toolchain\jdk21\jdk-21.0.12+8\bin\msvcp140.dll
0x00007ff96ec70000 - 0x00007ff96fa12000 	C:\Users\xiehu\Documents\Codex\2026-08-04\che\work\toolchain\jdk21\jdk-21.0.12+8\bin\server\jvm.dll
0x00007ffa3ec70000 - 0x00007ffa3ed27000 	C:\WINDOWS\System32\ADVAPI32.dll
0x00007ffa3eec0000 - 0x00007ffa3ef6a000 	C:\WINDOWS\System32\sechost.dll
0x00007ffa3fe90000 - 0x00007ffa3ffa8000 	C:\WINDOWS\System32\RPCRT4.dll
0x00007ffa3fb80000 - 0x00007ffa3fc00000 	C:\WINDOWS\System32\WS2_32.dll
0x00007ffa366c0000 - 0x00007ffa366f6000 	C:\WINDOWS\SYSTEM32\WINMM.dll
0x00007ffa3dfc0000 - 0x00007ffa3e01e000 	C:\WINDOWS\SYSTEM32\POWRPROF.dll
0x00007ffa36700000 - 0x00007ffa3670b000 	C:\WINDOWS\SYSTEM32\VERSION.dll
0x00007ffa3dfa0000 - 0x00007ffa3dfb4000 	C:\WINDOWS\SYSTEM32\UMPDC.dll
0x00007ffa3ce40000 - 0x00007ffa3ce5b000 	C:\WINDOWS\SYSTEM32\kernel.appcore.dll
0x00007ffa2be90000 - 0x00007ffa2be9a000 	C:\Users\xiehu\Documents\Codex\2026-08-04\che\work\toolchain\jdk21\jdk-21.0.12+8\bin\jimage.dll
0x00007ffa2cc20000 - 0x00007ffa2ce62000 	C:\WINDOWS\SYSTEM32\DBGHELP.DLL
0x00007ffa40ad0000 - 0x00007ffa40e53000 	C:\WINDOWS\System32\combase.dll
0x00007ffa40020000 - 0x00007ffa400f9000 	C:\WINDOWS\System32\OLEAUT32.dll
0x00007ffa2cbc0000 - 0x00007ffa2cbfb000 	C:\WINDOWS\SYSTEM32\dbgcore.DLL
0x00007ffa3e160000 - 0x00007ffa3e20c000 	C:\WINDOWS\System32\bcryptPrimitives.dll
0x00007ffa2a4f0000 - 0x00007ffa2a4ff000 	C:\Users\xiehu\Documents\Codex\2026-08-04\che\work\toolchain\jdk21\jdk-21.0.12+8\bin\instrument.dll
0x00007ffa27b20000 - 0x00007ffa27b40000 	C:\Users\xiehu\Documents\Codex\2026-08-04\che\work\toolchain\jdk21\jdk-21.0.12+8\bin\java.dll
0x00007ffa3f220000 - 0x00007ffa3f9b2000 	C:\WINDOWS\System32\SHELL32.dll
0x00007ffa3bc40000 - 0x00007ffa3c4d2000 	C:\WINDOWS\SYSTEM32\windows.storage.dll
0x00007ffa403a0000 - 0x00007ffa40497000 	C:\WINDOWS\System32\SHCORE.dll
0x00007ffa3ffb0000 - 0x00007ffa40017000 	C:\WINDOWS\System32\shlwapi.dll
0x00007ffa3e080000 - 0x00007ffa3e0a9000 	C:\WINDOWS\SYSTEM32\profapi.dll
0x00007ffa20700000 - 0x00007ffa207d7000 	C:\Users\xiehu\Documents\Codex\2026-08-04\che\work\toolchain\jdk21\jdk-21.0.12+8\bin\jsvml.dll
0x00007ffa27b00000 - 0x00007ffa27b18000 	C:\Users\xiehu\Documents\Codex\2026-08-04\che\work\toolchain\jdk21\jdk-21.0.12+8\bin\zip.dll
0x00007ffa2a4c0000 - 0x00007ffa2a4d0000 	C:\Users\xiehu\Documents\Codex\2026-08-04\che\work\toolchain\jdk21\jdk-21.0.12+8\bin\net.dll
0x00007ffa35890000 - 0x00007ffa359b7000 	C:\WINDOWS\SYSTEM32\WINHTTP.dll
0x00007ffa3d3f0000 - 0x00007ffa3d45c000 	C:\WINDOWS\system32\mswsock.dll
0x00007ffa27840000 - 0x00007ffa27856000 	C:\Users\xiehu\Documents\Codex\2026-08-04\che\work\toolchain\jdk21\jdk-21.0.12+8\bin\nio.dll
0x00007ffa28f10000 - 0x00007ffa28f20000 	C:\Users\xiehu\Documents\Codex\2026-08-04\che\work\toolchain\jdk21\jdk-21.0.12+8\bin\verify.dll
0x00007ffa24e40000 - 0x00007ffa24e67000 	C:\Users\xiehu\.gradle\native\c067742578af261105cb4f569cf0c3c89f3d7b1fecec35dd04571415982c5e48\windows-amd64\native-platform.dll
0x00007ffa18220000 - 0x00007ffa18364000 	C:\Users\xiehu\.gradle\native\100fb08df4bc3b14c8652ba06237920a3bd2aa13389f12d3474272988ae205f9\windows-amd64\native-platform-file-events.dll
0x00007ffa27e10000 - 0x00007ffa27e1a000 	C:\Users\xiehu\Documents\Codex\2026-08-04\che\work\toolchain\jdk21\jdk-21.0.12+8\bin\management.dll
0x00007ffa25180000 - 0x00007ffa2518c000 	C:\Users\xiehu\Documents\Codex\2026-08-04\che\work\toolchain\jdk21\jdk-21.0.12+8\bin\management_ext.dll
0x00007ffa3fb70000 - 0x00007ffa3fb78000 	C:\WINDOWS\System32\PSAPI.DLL
0x00007ffa3d6f0000 - 0x00007ffa3d70b000 	C:\WINDOWS\SYSTEM32\CRYPTSP.dll
0x00007ffa3cda0000 - 0x00007ffa3cdd9000 	C:\WINDOWS\system32\rsaenh.dll
0x00007ffa3d4b0000 - 0x00007ffa3d4e2000 	C:\WINDOWS\SYSTEM32\USERENV.dll
0x00007ffa3e050000 - 0x00007ffa3e07a000 	C:\WINDOWS\SYSTEM32\bcrypt.dll
0x00007ffa3d710000 - 0x00007ffa3d71c000 	C:\WINDOWS\SYSTEM32\CRYPTBASE.dll
0x00007ffa3c810000 - 0x00007ffa3c843000 	C:\WINDOWS\SYSTEM32\IPHLPAPI.DLL
0x00007ffa3fb60000 - 0x00007ffa3fb6a000 	C:\WINDOWS\System32\NSI.dll
0x00007ffa250c0000 - 0x00007ffa250c9000 	C:\Users\xiehu\Documents\Codex\2026-08-04\che\work\toolchain\jdk21\jdk-21.0.12+8\bin\extnet.dll
0x00007ffa23e00000 - 0x00007ffa23e0e000 	C:\Users\xiehu\Documents\Codex\2026-08-04\che\work\toolchain\jdk21\jdk-21.0.12+8\bin\sunmscapi.dll
0x00007ffa3e7d0000 - 0x00007ffa3e948000 	C:\WINDOWS\System32\CRYPT32.dll
0x00007ffa3d930000 - 0x00007ffa3d960000 	C:\WINDOWS\SYSTEM32\ncrypt.dll
0x00007ffa3d8e0000 - 0x00007ffa3d91f000 	C:\WINDOWS\SYSTEM32\NTASN1.dll
0x00007ff9fd680000 - 0x00007ff9fd688000 	C:\WINDOWS\system32\wshunix.dll
0x00007ffa3c8a0000 - 0x00007ffa3c9f6000 	C:\WINDOWS\SYSTEM32\DNSAPI.dll
0x00007ffa3d1d0000 - 0x00007ffa3d1dd000 	C:\WINDOWS\SYSTEM32\DSPARSE.dll
0x00007ffa2f450000 - 0x00007ffa2f45b000 	C:\Windows\System32\rasadhlp.dll
0x00007ffa2fe70000 - 0x00007ffa2fef6000 	C:\WINDOWS\System32\fwpuclnt.dll
0x00007ffa3cf70000 - 0x00007ffa3cfa6000 	C:\WINDOWS\SYSTEM32\ntmarta.dll

JVMTI agents:
C:\Users\xiehu\Documents\Codex\2026-08-04\che\work\toolchain\gradle-8.9\lib\agents\gradle-instrumentation-agent-8.9.jar path:C:\Users\xiehu\Documents\Codex\2026-08-04\che\work\toolchain\jdk21\jdk-21.0.12+8\bin\instrument.dll, loaded, initialized, instrumentlib options:none

dbghelp: loaded successfully - version: 4.0.5 - missing functions: none
symbol engine: initialized successfully - sym options: 0x614 - pdb path: .;C:\Users\xiehu\Documents\Codex\2026-08-04\che\work\toolchain\jdk21\jdk-21.0.12+8\bin;C:\WINDOWS\SYSTEM32;C:\WINDOWS\WinSxS\amd64_microsoft.windows.common-controls_6595b64144ccf1df_6.0.26100.8875_none_3e0d5d42e32fe9dd;C:\Users\xiehu\Documents\Codex\2026-08-04\che\work\toolchain\jdk21\jdk-21.0.12+8\bin\server;C:\Users\xiehu\.gradle\native\c067742578af261105cb4f569cf0c3c89f3d7b1fecec35dd04571415982c5e48\windows-amd64;C:\Users\xiehu\.gradle\native\100fb08df4bc3b14c8652ba06237920a3bd2aa13389f12d3474272988ae205f9\windows-amd64

VM Arguments:
jvm_args: --add-opens=java.base/java.util=ALL-UNNAMED --add-opens=java.base/java.lang=ALL-UNNAMED --add-opens=java.base/java.lang.invoke=ALL-UNNAMED --add-opens=java.prefs/java.util.prefs=ALL-UNNAMED --add-exports=jdk.compiler/com.sun.tools.javac.api=ALL-UNNAMED --add-exports=jdk.compiler/com.sun.tools.javac.util=ALL-UNNAMED --add-opens=java.base/java.nio.charset=ALL-UNNAMED --add-opens=java.base/java.net=ALL-UNNAMED --add-opens=java.base/java.util.concurrent.atomic=ALL-UNNAMED -Xmx2048m -Dfile.encoding=UTF-8 -Duser.country=CN -Duser.language=zh -Duser.variant -javaagent:C:\Users\xiehu\Documents\Codex\2026-08-04\che\work\toolchain\gradle-8.9\lib\agents\gradle-instrumentation-agent-8.9.jar 
java_command: org.gradle.launcher.daemon.bootstrap.GradleDaemon 8.9
java_class_path (initial): C:\Users\xiehu\Documents\Codex\2026-08-04\che\work\toolchain\gradle-8.9\lib\gradle-daemon-main-8.9.jar
Launcher Type: SUN_STANDARD

[Global flags]
     intx CICompilerCount                          = 4                                         {product} {ergonomic}
     uint ConcGCThreads                            = 3                                         {product} {ergonomic}
     uint G1ConcRefinementThreads                  = 10                                        {product} {ergonomic}
   size_t G1HeapRegionSize                         = 1048576                                   {product} {ergonomic}
    uintx GCDrainStackTargetSize                   = 64                                        {product} {ergonomic}
   size_t InitialHeapSize                          = 532676608                                 {product} {ergonomic}
   size_t MarkStackSize                            = 4194304                                   {product} {ergonomic}
   size_t MaxHeapSize                              = 2147483648                                {product} {command line}
   size_t MaxNewSize                               = 1287651328                                {product} {ergonomic}
   size_t MinHeapDeltaBytes                        = 1048576                                   {product} {ergonomic}
   size_t MinHeapSize                              = 8388608                                   {product} {ergonomic}
    uintx NonNMethodCodeHeapSize                   = 5839372                                {pd product} {ergonomic}
    uintx NonProfiledCodeHeapSize                  = 122909434                              {pd product} {ergonomic}
    uintx ProfiledCodeHeapSize                     = 122909434                              {pd product} {ergonomic}
    uintx ReservedCodeCacheSize                    = 251658240                              {pd product} {ergonomic}
     bool SegmentedCodeCache                       = true                                      {product} {ergonomic}
   size_t SoftMaxHeapSize                          = 2147483648                             {manageable} {ergonomic}
     bool UseCompressedOops                        = true                           {product lp64_product} {ergonomic}
     bool UseG1GC                                  = true                                      {product} {ergonomic}
     bool UseLargePagesIndividualAllocation        = false                                  {pd product} {ergonomic}

Logging:
Log output configuration:
 #0: stdout all=warning uptime,level,tags foldmultilines=false
 #1: stderr all=off uptime,level,tags foldmultilines=false

Release file:
IMPLEMENTOR="Eclipse Adoptium" 
IMPLEMENTOR_VERSION="Temurin-21.0.12+8" 
JAVA_RUNTIME_VERSION="21.0.12+8-LTS" 
JAVA_VERSION="21.0.12" 
JAVA_VERSION_DATE="2026-07-21" 
LIBC="default" 
MODULES="java.base java.compiler java.datatransfer java.xml java.prefs java.desktop java.instrument java.logging java.management java.security.sasl java.naming java.rmi java.management.rmi java.net.http java.scripting java.security.jgss java.transaction.xa java.sql java.sql.rowset java.xml.crypto java.se java.smartcardio jdk.accessibility jdk.internal.jvmstat jdk.attach jdk.charsets jdk.internal.opt jdk.zipfs jdk.compiler jdk.crypto.ec jdk.crypto.cryptoki jdk.crypto.mscapi jdk.dynalink jdk.internal.ed jdk.editpad jdk.hotspot.agent jdk.httpserver jdk.incubator.vector jdk.internal.le jdk.internal.vm.ci jdk.internal.vm.compiler jdk.internal.vm.compiler.management jdk.jartool jdk.javadoc jdk.jcmd jdk.management jdk.management.agent jdk.jconsole jdk.jdeps jdk.jdwp.agent jdk.jdi jdk.jfr jdk.jlink jdk.jpackage jdk.jshell jdk.jsobject jdk.jstatd jdk.localedata jdk.management.jfr jdk.naming.dns jdk.naming.rmi jdk.net jdk.nio.mapmode jdk.random jdk.sctp jdk.security.auth jdk.security.jgss jdk.unsupported jdk.unsupported.desktop jdk.xml.dom" 
OS_ARCH="x86_64" 
OS_NAME="Windows" 
SOURCE=".:git:04806bcb1d50" 
BUILD_SOURCE="git:e6ba7dec3d07654074559310376a3ae89da5f4ac"
BUILD_SOURCE_REPO="https://github.com/adoptium/temurin-build.git"
SOURCE_REPO="https://github.com/adoptium/jdk21u.git"
FULL_VERSION="21.0.12+8-LTS"
SEMANTIC_VERSION="21.0.12+8"
BUILD_INFO="OS: Windows Server 2022 Version: 10.0"
JVM_VARIANT="Hotspot"
JVM_VERSION="21.0.12+8-LTS"
IMAGE_TYPE="JDK"

Environment Variables:
JAVA_HOME=C:\Users\xiehu\Documents\Codex\2026-08-04\che\work\toolchain\jdk21\jdk-21.0.12+8
CLASSPATH=C:\Users\xiehu\Documents\Codex\2026-08-04\che\work\toolchain\gradle-8.9\lib\gradle-gradle-cli-main-8.9.jar
PATH=C:\Users\xiehu\.codex\tmp\arg0\codex-arg0ffarG0;C:\Users\xiehu\.cache\codex-runtimes\codex-primary-runtime\dependencies\bin\override;C:\WINDOWS\system32;C:\WINDOWS;C:\WINDOWS\System32\Wbem;C:\WINDOWS\System32\WindowsPowerShell\v1.0\;C:\WINDOWS\System32\OpenSSH\;C:\Program Files\dotnet\;C:\Users\xiehu\AppData\Local\nvm;C:\nvm4w\nodejs;C:\Program Files\Git\cmd;C:\Users\xiehu\.cargo\bin;C:\Users\xiehu\.local\bin;C:\Users\xiehu\AppData\Local\Programs\Python\Python312\Scripts\;C:\Users\xiehu\AppData\Local\Programs\Python\Python312\;C:\Users\xiehu\AppData\Local\Programs\Python\Launcher\;C:\Users\xiehu\AppData\Local\Microsoft\WindowsApps;C:\Users\xiehu\AppData\Local\Programs\cursor\resources\app\bin;C:\Users\xiehu\AppData\Local\nvm;C:\nvm4w\nodejs;C:\Users\xiehu\AppData\Local\Programs\Microsoft VS Code\bin;C:\Users\xiehu\AppData\Local\Microsoft\WinGet\Packages\akeo.ie.Zadig_Microsoft.Winget.Source_8wekyb3d8bbwe;C:\Users\xiehu\.cache\codex-runtimes\codex-primary-runtime\dependencies\bin\fallback;C:\Users\xiehu\.cache\codex-runtimes\codex-primary-runtime\dependencies\native\git\cmd;C:\Users\xiehu\AppData\Local\OpenAI\Codex\bin\3e42d49ad3e35a50;C:\Program Files\WindowsApps\OpenAI.Codex_26.730.7989.0_x64__2p2nqsd0c76g0\app\resources
USERNAME=xiehu
OS=Windows_NT
PROCESSOR_IDENTIFIER=Intel64 Family 6 Model 167 Stepping 1, GenuineIntel
TMP=C:\Users\xiehu\AppData\Local\Temp
TEMP=C:\Users\xiehu\AppData\Local\Temp




Periodic native trim disabled

---------------  S Y S T E M  ---------------

OS:
 Windows 11 , 64 bit Build 26100 (10.0.26100.8875)
OS uptime: 9 days 0:18 hours

CPU: total 12 (initial active 12) (6 cores per cpu, 2 threads per core) family 6 model 167 stepping 1 microcode 0x59, cx8, cmov, fxsr, ht, mmx, 3dnowpref, sse, sse2, sse3, ssse3, sse4.1, sse4.2, popcnt, lzcnt, tsc, tscinvbit, avx, avx2, aes, erms, clmul, bmi1, bmi2, adx, avx512f, avx512dq, avx512cd, avx512bw, avx512vl, sha, fma, vzeroupper, avx512_vpopcntdq, avx512_vpclmulqdq, avx512_vaes, avx512_vnni, clflush, clflushopt, avx512_vbmi2, avx512_vbmi, rdtscp, rdpid, fsrm, gfni, avx512_bitalg, f16c, pku, avx512_ifma
Processor Information for the first 12 processors :
  Max Mhz: 2592, Current Mhz: 2592, Mhz Limit: 2592

Memory: 4k page, system-wide physical 32489M (3652M free)
TotalPageFile size 60795M (AvailPageFile size 223M)
current process WorkingSet (physical memory assigned to process): 972M, peak: 978M
current process commit charge ("private bytes"): 1386M, peak: 1389M

vm_info: OpenJDK 64-Bit Server VM (21.0.12+8-LTS) for windows-amd64 JRE (21.0.12+8-LTS), built on 2026-07-21T00:00:00Z by "admin" with MS VC++ 17.12 (VS2022)

END.
